Date,FinBERT_Score,Prob_Pos,Prob_Neg,News_Volume
2019-01-01,0.116922505,0.33001858,0.21309608,100
2019-01-02,-0.00972174,0.37274253,0.3824643,100
2019-01-03,-0.049337383,0.2640553,0.3133927,100
2019-01-04,0.07480246,0.3281728,0.2533703,100
2019-01-05,0.095171615,0.37447768,0.27930605,100
2019-01-06,0.060139537,0.27072173,0.2105822,100
2019-01-07,0.08344745,0.28541338,0.20196594,100
2019-01-08,0.13954194,0.3646233,0.22508135,100
2019-01-09,0.061283857,0.30792028,0.24663644,100
2019-01-10,-0.0775465,0.26833615,0.34588265,100
2019-01-11,0.0021429406,0.3109967,0.30885378,100
2019-01-12,0.024482146,0.30975404,0.28527188,100
2019-01-13,0.051384035,0.29963446,0.24825041,100
2019-01-14,0.056639627,0.4013243,0.3446847,100
2019-01-15,0.09263629,0.39780837,0.3051721,100
2019-01-16,0.055689335,0.35687962,0.3011903,100
2019-01-17,0.034607016,0.3192591,0.2846521,100
2019-01-18,0.31680012,0.48043907,0.16363893,100
2019-01-19,0.2394533,0.42507127,0.18561794,100
2019-01-20,0.11252461,0.30848446,0.19595985,100
2019-01-21,0.23321675,0.3803771,0.14716038,100
2019-01-22,0.020065736,0.32470718,0.30464146,100
2019-01-23,0.022979412,0.32374024,0.30076084,100
2019-01-24,0.14236958,0.37257496,0.23020539,100
2019-01-25,-0.00524335,0.30776826,0.31301162,100
2019-01-26,0.10973136,0.33617505,0.2264437,100
2019-01-27,0.1236007,0.3311531,0.20755239,100
2019-01-28,-0.15916674,0.25695065,0.4161174,100
2019-01-29,-0.0385971,0.31263906,0.35123616,100
2019-01-30,0.103807755,0.3587933,0.2549855,100
2019-01-31,0.09297289,0.37266326,0.27969038,100
2019-02-01,0.10793537,0.3320755,0.22414012,100
2019-02-02,0.087177455,0.33819363,0.2510162,100
2019-02-03,0.15057367,0.32480198,0.17422831,100
2019-02-04,0.1474882,0.3561364,0.20864819,100
2019-02-05,0.124405205,0.38230106,0.25789586,100
2019-02-06,0.13360907,0.35635054,0.22274148,100
2019-02-07,-0.008745684,0.29557484,0.30432054,100
2019-02-08,0.10130577,0.3665536,0.26524782,100
2019-02-09,0.081763156,0.34942627,0.2676631,100
2019-02-10,0.13643892,0.3464514,0.2100125,100
2019-02-11,0.18375711,0.4017476,0.21799052,100
2019-02-12,0.1947565,0.41656885,0.22181237,100
2019-02-13,0.071498774,0.33156654,0.2600678,100
2019-02-14,0.012454994,0.3493941,0.3369391,100
2019-02-15,0.21184364,0.40621412,0.19437046,100
2019-02-16,0.16702236,0.365483,0.19846064,100
2019-02-17,0.15102515,0.3462266,0.19520147,100
2019-02-18,0.24267662,0.439227,0.19655041,100
2019-02-19,-0.013547658,0.27920255,0.2927502,100
2019-02-20,0.062658235,0.33686432,0.27420607,100
2019-02-21,-0.0014799547,0.31612167,0.3176016,100
2019-02-22,0.14258999,0.3476177,0.20502767,100
2019-02-23,0.060934022,0.33566758,0.27473354,100
2019-02-24,0.20784277,0.35146824,0.1436255,100
2019-02-25,0.14725468,0.39001805,0.24276337,100
2019-02-26,0.14408502,0.35105324,0.20696822,100
2019-02-27,0.14100266,0.4040205,0.26301783,100
2019-02-28,-0.008763326,0.24187192,0.25063527,100
2019-03-01,0.12904266,0.32819924,0.19915657,100
2019-03-02,0.1405791,0.3366993,0.19612019,100
2019-03-03,0.18350533,0.32228124,0.13877591,100
2019-03-04,0.1681236,0.4194245,0.2513009,100
2019-03-05,0.0152597595,0.3238464,0.30858663,100
2019-03-06,0.025138367,0.3478841,0.32274574,100
2019-03-07,0.04922966,0.30238825,0.2531586,100
2019-03-08,0.00936154,0.32383892,0.31447738,100
2019-03-09,0.08574431,0.35220578,0.26646146,100
2019-03-10,0.038399745,0.2860078,0.24760804,100
2019-03-11,-0.029874356,0.30753466,0.33740902,100
2019-03-12,0.0811343,0.35698903,0.27585474,100
2019-03-13,0.12660001,0.40991634,0.2833163,100
2019-03-14,-0.010635788,0.2653154,0.2759512,100
2019-03-15,0.1672098,0.4605634,0.29335362,100
2019-03-16,0.094088346,0.3413011,0.24721277,100
2019-03-17,0.26535645,0.4646737,0.19931725,100
2019-03-18,0.098012134,0.3334255,0.23541334,100
2019-03-19,0.07287955,0.3607666,0.28788704,100
2019-03-20,-0.006023352,0.29766366,0.303687,100
2019-03-21,-0.10782841,0.26876834,0.37659675,100
2019-03-22,0.12358791,0.35343498,0.2298471,100
2019-03-23,0.052140493,0.26527777,0.2131373,100
2019-03-24,0.1463842,0.30953526,0.16315107,100
2019-03-25,0.054994278,0.34212166,0.28712738,100
2019-03-26,0.18295342,0.38518035,0.20222692,100
2019-03-27,0.19662082,0.4273517,0.23073092,100
2019-03-28,0.05528527,0.3614926,0.30620736,100
2019-03-29,0.17842434,0.42177486,0.24335052,100
2019-03-30,0.3495456,0.5144135,0.16486792,100
2019-03-31,0.18261524,0.38419423,0.20157897,100
2019-04-01,0.027003413,0.3661462,0.33914277,100
2019-04-02,-0.09771293,0.28780055,0.38551345,100
2019-04-03,0.2050064,0.41049397,0.20548755,100
2019-04-04,0.0032568215,0.34104973,0.3377929,100
2019-04-05,0.007387526,0.36978066,0.3623931,100
2019-04-06,0.10994921,0.39695632,0.28700712,100
2019-04-07,0.13045624,0.3946862,0.26422995,100
2019-04-08,-0.14361687,0.27453494,0.41815183,100
2019-04-09,-0.23404028,0.23860061,0.4726409,100
2019-04-10,-0.013743955,0.3433173,0.35706124,100
2019-04-11,-0.06950916,0.25109375,0.32060292,100
2019-04-12,0.0551077,0.34675446,0.29164678,100
2019-04-13,0.27449086,0.42353657,0.14904569,100
2019-04-14,0.25458038,0.41947737,0.16489698,100
2019-04-15,-0.04962579,0.30928016,0.35890594,100
2019-04-16,-0.049903926,0.29204574,0.34194964,100
2019-04-17,0.011646832,0.38790005,0.37625322,100
2019-04-18,0.08200602,0.35418046,0.27217442,100
2019-04-19,0.21784262,0.40551555,0.18767296,100
2019-04-20,0.16402002,0.39727315,0.23325312,100
2019-04-21,0.13303408,0.3799854,0.24695131,100
2019-04-22,-0.05814433,0.29410174,0.35224605,100
2019-04-23,0.10313913,0.33080798,0.22766885,100
2019-04-24,0.14869654,0.37112167,0.22242512,100
2019-04-25,0.049897622,0.3321272,0.2822296,100
2019-04-26,0.16099554,0.30814353,0.14714798,100
2019-04-27,0.14665556,0.3703875,0.22373194,100
2019-04-28,0.29511148,0.45577577,0.16066428,100
2019-04-29,0.10306396,0.35383075,0.2507668,100
2019-04-30,0.03903717,0.32800704,0.28896987,100
2019-05-01,0.026071554,0.2647382,0.23866665,100
2019-05-02,-0.013271532,0.24232264,0.25559416,100
2019-05-03,0.02243737,0.26558703,0.24314964,100
2019-05-04,0.19419174,0.36840552,0.1742138,100
2019-05-05,0.22584322,0.42431754,0.19847432,100
2019-05-06,-0.16111721,0.28905064,0.45016783,100
2019-05-07,-0.08492418,0.31755584,0.40248,100
2019-05-08,-0.05280228,0.26131463,0.31411693,100
2019-05-09,-0.06714849,0.28028858,0.34743705,100
2019-05-10,-0.15996963,0.21697016,0.3769398,100
2019-05-11,0.14579235,0.3604318,0.21463944,100
2019-05-12,0.18436629,0.40479505,0.22042874,100
2019-05-13,-0.17136088,0.271698,0.44305885,100
2019-05-14,0.0015979512,0.3040595,0.30246156,100
2019-05-15,0.12363167,0.36199588,0.2383642,100
2019-05-16,0.023777485,0.36302507,0.33924758,100
2019-05-17,-0.25716308,0.22402357,0.48118663,100
2019-05-18,0.119630754,0.3638939,0.24426311,100
2019-05-19,0.20103401,0.41556463,0.21453062,100
2019-05-20,0.09842673,0.39844337,0.30001664,100
2019-05-21,-0.0038696409,0.31766433,0.32153398,100
2019-05-22,0.06804268,0.34378824,0.2757455,100
2019-05-23,-0.20145075,0.1963883,0.39783904,100
2019-05-24,-0.114582345,0.23302639,0.34760875,100
2019-05-25,0.1473672,0.37108216,0.22371495,100
2019-05-26,0.18771812,0.384578,0.19685984,100
2019-05-27,0.18752094,0.40647924,0.21895826,100
2019-05-28,0.17316332,0.39485323,0.22168992,100
2019-05-29,-0.11768833,0.27840656,0.3960949,100
2019-05-30,0.10856982,0.32280353,0.2142337,100
2019-05-31,-0.18625237,0.26107472,0.4473271,100
2019-06-01,0.17328233,0.39042565,0.21714331,100
2019-06-02,0.21549442,0.41842443,0.20293002,100
2019-06-03,-0.033962056,0.28214085,0.3161029,100
2019-06-04,0.14753337,0.4167041,0.26917073,100
2019-06-05,0.064126566,0.4082993,0.34417275,100
2019-06-06,-0.018928908,0.29383475,0.31276366,100
2019-06-07,-0.103846304,0.31279635,0.4166427,100
2019-06-08,0.11873212,0.35356587,0.23483373,100
2019-06-09,0.13841678,0.37114593,0.23272917,100
2019-06-10,-0.016560454,0.3518395,0.36839998,100
2019-06-11,-0.060962714,0.27619758,0.3371603,100
2019-06-12,-0.034120277,0.30511212,0.33923241,100
2019-06-13,0.05776535,0.2945902,0.23682486,100
2019-06-14,-0.07623183,0.2743091,0.35054094,100
2019-06-15,0.19509377,0.40696618,0.21187238,100
2019-06-16,0.19836849,0.36244553,0.16407706,100
2019-06-17,0.003907257,0.31898117,0.3150739,100
2019-06-18,0.06515312,0.36652398,0.30137086,100
2019-06-19,0.027835049,0.33952105,0.311686,100
2019-06-20,0.24285983,0.45561326,0.21275343,100
2019-06-21,0.0207463,0.32717496,0.30642864,100
2019-06-22,0.24662678,0.40283173,0.15620495,100
2019-06-23,0.25548357,0.44571668,0.19023308,100
2019-06-24,0.043956395,0.31850934,0.27455294,100
2019-06-25,-0.2200144,0.16537298,0.3853874,100
2019-06-26,-0.10353832,0.27655184,0.38009018,100
2019-06-27,-0.11522429,0.2170171,0.33224136,100
2019-06-28,0.067432545,0.31664878,0.24921623,100
2019-06-29,0.14367637,0.36798155,0.22430517,100
2019-06-30,0.17806828,0.4080313,0.22996303,100
2019-07-01,0.07282534,0.36227512,0.28944978,100
2019-07-02,-0.07748363,0.3063952,0.38387886,100
2019-07-03,-0.011721135,0.32045212,0.33217323,100
2019-07-04,0.23094897,0.44357994,0.21263097,100
2019-07-05,-0.018072769,0.30517322,0.32324597,100
2019-07-06,0.2175037,0.4116651,0.19416143,100
2019-07-07,0.1574193,0.39489636,0.23747703,100
2019-07-08,-0.017881215,0.31794292,0.33582413,100
2019-07-09,-0.12036184,0.2678588,0.38822064,100
2019-07-10,0.08200772,0.3547333,0.27272555,100
2019-07-11,0.009622443,0.32963538,0.32001293,100
2019-07-12,0.09014879,0.33891878,0.24876998,100
2019-07-13,0.123017594,0.37627983,0.25326222,100
2019-07-14,0.2457737,0.42505443,0.17928074,100
2019-07-15,0.092218496,0.34831172,0.25609326,100
2019-07-16,-0.042766657,0.26881507,0.31158173,100
2019-07-17,-0.01565956,0.31256035,0.32821992,100
2019-07-18,-0.10369768,0.22679798,0.3304957,100
2019-07-19,-0.056210022,0.26686594,0.32307598,100
2019-07-20,0.12347354,0.3578785,0.23440495,100
2019-07-21,0.13177645,0.3545411,0.22276463,100
2019-07-22,0.019766845,0.32013154,0.30036467,100
2019-07-23,0.19487259,0.40682423,0.21195164,100
2019-07-24,-0.010634837,0.26035544,0.27099028,100
2019-07-25,-0.058727752,0.26168424,0.32041198,100
2019-07-26,0.065800644,0.2744034,0.20860276,100
2019-07-27,0.17090407,0.34818727,0.1772832,100
2019-07-28,0.18423995,0.4143147,0.23007473,100
2019-07-29,0.048908636,0.3160886,0.26717997,100
2019-07-30,0.16458872,0.39166442,0.22707573,100
2019-07-31,0.121887885,0.30182067,0.17993279,100
2019-08-01,0.06017693,0.3303044,0.27012748,100
2019-08-02,-0.16544108,0.22417636,0.3896174,100
2019-08-03,0.25320044,0.41212937,0.15892892,100
2019-08-04,0.10571929,0.3553886,0.24966933,100
2019-08-05,-0.06891676,0.2371269,0.30604365,100
2019-08-06,0.040452257,0.33525714,0.29480487,100
2019-08-07,0.009159251,0.2836964,0.27453718,100
2019-08-08,0.12967554,0.2856151,0.15593956,100
2019-08-09,0.027804228,0.3047095,0.27690527,100
2019-08-10,0.21529703,0.38605198,0.17075495,100
2019-08-11,0.12531367,0.35838252,0.23306888,100
2019-08-12,-0.07299433,0.25920522,0.33219954,100
2019-08-13,-0.020046445,0.29754445,0.3175909,100
2019-08-14,-0.26636496,0.22411603,0.490481,100
2019-08-15,-0.22964567,0.20335682,0.43300247,100
2019-08-16,-0.015247912,0.30088368,0.3161316,100
2019-08-17,0.14112778,0.35704556,0.21591777,100
2019-08-18,0.21497874,0.4103508,0.19537209,100
2019-08-19,0.060816035,0.30039126,0.2395752,100
2019-08-20,0.017351672,0.32452968,0.307178,100
2019-08-21,0.15483569,0.37016273,0.21532704,100
2019-08-22,-0.11851159,0.28510633,0.40361795,100
2019-08-23,-0.17972569,0.23276846,0.41249412,100
2019-08-24,0.20753275,0.38059747,0.17306471,100
2019-08-25,0.14054984,0.3711837,0.23063387,100
2019-08-26,0.060757063,0.3118538,0.25109673,100
2019-08-27,-0.0720617,0.2893536,0.3614153,100
2019-08-28,-0.23704895,0.23593165,0.47298062,100
2019-08-29,0.0891554,0.3651288,0.27597338,100
2019-08-30,-0.07885316,0.2941534,0.37300655,100
2019-08-31,0.17811652,0.3698269,0.19171041,100
2019-09-01,0.091799,0.35118857,0.25938958,100
2019-09-02,0.17889225,0.36814186,0.1892496,100
2019-09-03,0.00395547,0.31222278,0.3082673,100
2019-09-04,0.08099558,0.3766215,0.29562593,100
2019-09-05,-0.021628343,0.27806363,0.29969198,100
2019-09-06,0.05837052,0.32995507,0.27158454,100
2019-09-07,0.032842528,0.32961455,0.29677203,100
2019-09-08,0.22572914,0.4081312,0.18240207,100
2019-09-09,-0.00024425864,0.335199,0.33544326,100
2019-09-10,-0.073636025,0.28305316,0.35668918,100
2019-09-11,-0.078087345,0.30102623,0.37911358,100
2019-09-12,-0.18820865,0.21594463,0.4041533,100
2019-09-13,-0.004395489,0.34845504,0.35285053,100
2019-09-14,0.10618328,0.3359187,0.22973542,100
2019-09-15,0.18039389,0.3324382,0.15204431,100
2019-09-16,-0.10701033,0.21417725,0.3211876,100
2019-09-17,-0.021447044,0.30436227,0.3258093,100
2019-09-18,-0.116153546,0.32167533,0.4378289,100
2019-09-19,-0.08119295,0.28563276,0.3668257,100
2019-09-20,0.065921634,0.34432784,0.27840623,100
2019-09-21,0.12587127,0.36800998,0.24213873,100
2019-09-22,0.18110582,0.41098127,0.22987542,100
2019-09-23,-0.027668389,0.24034275,0.26801112,100
2019-09-24,-0.13072033,0.21415277,0.34487307,100
2019-09-25,-0.045572996,0.21175276,0.25732577,100
2019-09-26,-0.11082075,0.24158996,0.35241073,100
2019-09-27,-0.0909821,0.2576106,0.34859267,100
2019-09-28,0.2168799,0.41341028,0.19653034,100
2019-09-29,0.1476457,0.4197907,0.27214497,100
2019-09-30,-0.084640175,0.24411553,0.32875574,100
2019-10-01,-0.059179354,0.31201974,0.37119907,100
2019-10-02,-0.18262473,0.25109425,0.43371895,100
2019-10-03,0.076077886,0.34779033,0.27171245,100
2019-10-04,-0.09971282,0.28481063,0.38452348,100
2019-10-05,0.07059604,0.37405965,0.30346358,100
2019-10-06,0.15449226,0.41242447,0.25793222,100
2019-10-07,-0.015909068,0.28484994,0.30075902,100
2019-10-08,-0.06134689,0.30767396,0.36902085,100
2019-10-09,0.0027603824,0.27970842,0.27694803,100
2019-10-10,-0.01223284,0.3164683,0.32870114,100
2019-10-11,0.03531848,0.34482038,0.3095019,100
2019-10-12,0.20436662,0.39687896,0.19251233,100
2019-10-13,0.19668213,0.41086248,0.21418035,100
2019-10-14,-0.17765622,0.25238407,0.43004027,100
2019-10-15,0.08921222,0.3671958,0.2779836,100
2019-10-16,-0.10469685,0.2981139,0.40281078,100
2019-10-17,0.03370862,0.36096653,0.32725787,100
2019-10-18,-0.070507064,0.2652025,0.33570954,100
2019-10-19,0.11563641,0.35404393,0.23840754,100
2019-10-20,0.109327726,0.38162273,0.272295,100
2019-10-21,0.06967075,0.2952529,0.22558212,100
2019-10-22,0.1355802,0.37308502,0.23750482,100
2019-10-23,0.07229366,0.33515227,0.26285863,100
2019-10-24,0.071376294,0.33403286,0.26265657,100
2019-10-25,-0.08611703,0.24785562,0.33397266,100
2019-10-26,0.1330107,0.33036542,0.1973547,100
2019-10-27,0.20647609,0.4172953,0.21081918,100
2019-10-28,0.05334881,0.34152028,0.28817147,100
2019-10-29,-0.022356959,0.27588686,0.29824382,100
2019-10-30,-0.04266012,0.2636098,0.30626994,100
2019-10-31,0.035452344,0.30077544,0.26532307,100
2019-11-01,0.06835648,0.33572146,0.26736498,100
2019-11-02,0.1587804,0.39879307,0.24001269,100
2019-11-03,0.0006259915,0.35332486,0.35269883,100
2019-11-04,-0.079321206,0.28500283,0.36432403,100
2019-11-05,-0.023238447,0.3068604,0.33009884,100
2019-11-06,-0.025550647,0.22427195,0.2498226,100
2019-11-07,0.0348831,0.28751412,0.25263104,100
2019-11-08,-0.014741001,0.3038788,0.31861982,100
2019-11-09,0.122140825,0.3394576,0.21731676,100
2019-11-10,0.16029863,0.40607366,0.245775,100
2019-11-11,0.10489059,0.38685453,0.2819639,100
2019-11-12,0.085340366,0.35829154,0.27295116,100
2019-11-13,0.0013718387,0.32609692,0.32472506,100
2019-11-14,-0.110148735,0.29519883,0.40534756,100
2019-11-15,-0.107846975,0.29263303,0.40048,100
2019-11-16,0.2264774,0.42339534,0.19691797,100
2019-11-17,0.17647846,0.3758492,0.19937071,100
2019-11-18,0.021202963,0.2925049,0.27130195,100
2019-11-19,0.055701528,0.32337394,0.26767242,100
2019-11-20,0.11259464,0.40060952,0.2880149,100
2019-11-21,0.06881165,0.33108327,0.2622716,100
2019-11-22,-0.015496664,0.31950754,0.3350042,100
2019-11-23,0.2162315,0.4009586,0.18472707,100
2019-11-24,0.14080143,0.29686892,0.1560675,100
2019-11-25,0.17822608,0.39264786,0.2144218,100
2019-11-26,0.14978921,0.3910449,0.2412557,100
2019-11-27,0.14336047,0.39389312,0.25053266,100
2019-11-28,0.16584899,0.37527233,0.20942336,100
2019-11-29,0.10542835,0.40304035,0.297612,100
2019-11-30,0.17703842,0.37423941,0.19720098,100
2019-12-01,0.09442717,0.3071436,0.21271645,100
2019-12-02,-0.15147841,0.2629238,0.41440225,100
2019-12-03,0.094778344,0.36716533,0.272387,100
2019-12-04,0.05958656,0.37908065,0.3194941,100
2019-12-05,0.0543227,0.31909135,0.26476863,100
2019-12-06,0.0672919,0.37110612,0.3038142,100
2019-12-07,0.023468165,0.3660047,0.34253657,100
2019-12-08,0.22948188,0.3798624,0.15038052,100
2019-12-09,-0.03155961,0.32913926,0.36069885,100
2019-12-10,0.0017224336,0.32864815,0.32692572,100
2019-12-11,0.014810548,0.32829148,0.31348094,100
2019-12-12,0.23667069,0.43462127,0.19795059,100
2019-12-13,0.10044993,0.39437485,0.2939249,100
2019-12-14,0.11633214,0.3120871,0.19575493,100
2019-12-15,0.32750815,0.42140853,0.093900375,100
2019-12-16,-0.027008837,0.3510068,0.37801567,100
2019-12-17,-0.026498422,0.32294694,0.34944534,100
2019-12-18,-0.018384863,0.28158474,0.29996958,100
2019-12-19,0.017771,0.36110196,0.34333092,100
2019-12-20,0.038914613,0.31822032,0.2793057,100
2019-12-21,0.10952986,0.36338055,0.2538507,100
2019-12-22,0.25648126,0.3940271,0.13754581,100
2019-12-23,-0.035907533,0.26125422,0.29716176,100
2019-12-24,0.01080129,0.2735545,0.26275325,100
2019-12-25,0.23787253,0.42292547,0.18505295,83
2019-12-26,0.036900762,0.30113283,0.26423207,100
2019-12-27,-0.0711018,0.24561425,0.31671605,100
2019-12-28,0.15470544,0.40915227,0.2544468,85
2019-12-29,0.21921273,0.36232007,0.14310735,100
2019-12-30,0.16932142,0.41044512,0.24112374,100
2019-12-31,-0.07518928,0.30180198,0.37699124,100
2020-01-01,0.13654296,0.33205703,0.19551408,100
2020-01-02,0.06570873,0.3686259,0.30291715,100
2020-01-03,-0.101074055,0.29591775,0.39699185,100
2020-01-04,0.20919825,0.42772344,0.2185252,100
2020-01-05,0.07265954,0.29891014,0.2262506,100
2020-01-06,0.015226657,0.3269912,0.31176457,100
2020-01-07,0.00073125184,0.3258776,0.32514638,100
2020-01-08,0.100604296,0.40733296,0.30672866,100
2020-01-09,0.07354953,0.36888492,0.2953354,100
2020-01-10,-0.019992614,0.34794998,0.36794263,100
2020-01-11,0.14663392,0.3580437,0.21140978,100
2020-01-12,0.27469447,0.4292874,0.15459295,100
2020-01-13,0.16453779,0.4521414,0.28760362,100
2020-01-14,0.021780996,0.3149855,0.29320455,100
2020-01-15,0.04311783,0.35045925,0.30734143,100
2020-01-16,0.1371827,0.38991913,0.25273645,100
2020-01-17,0.16878515,0.3813809,0.21259573,100
2020-01-18,0.18540306,0.33623555,0.15083247,100
2020-01-19,0.14697543,0.34050712,0.19353169,100
2020-01-20,0.218963,0.4157436,0.19678059,100
2020-01-21,0.026306614,0.3145597,0.2882531,100
2020-01-22,0.086791776,0.34664813,0.25985634,100
2020-01-23,0.1245393,0.3448414,0.2203021,100
2020-01-24,-0.0024038642,0.30979216,0.31219602,100
2020-01-25,0.099342436,0.3194804,0.22013798,100
2020-01-26,0.159208,0.39449075,0.23528272,100
2020-01-27,-0.22691473,0.2377577,0.46467245,100
2020-01-28,0.116048336,0.3631096,0.24706127,100
2020-01-29,-0.070662916,0.25945953,0.3301224,100
2020-01-30,-0.023028202,0.29235557,0.31538376,100
2020-01-31,0.012656162,0.30867094,0.2960148,100
2020-02-01,0.07149708,0.31237817,0.24088106,100
2020-02-02,0.21984133,0.37267008,0.15282878,100
2020-02-03,0.07954116,0.31206855,0.23252739,100
2020-02-04,-0.033472408,0.27065313,0.30412555,100
2020-02-05,0.09656873,0.35550177,0.25893304,100
2020-02-06,-0.055329856,0.2492156,0.30454546,100
2020-02-07,-0.05058293,0.2955571,0.34614003,100
2020-02-08,0.15499187,0.35992298,0.20493111,100
2020-02-09,0.12474424,0.35133332,0.22658908,100
2020-02-10,-0.117399685,0.2739816,0.3913813,100
2020-02-11,0.1550629,0.34820262,0.19313973,100
2020-02-12,0.23004219,0.43047336,0.20043117,100
2020-02-13,0.02657085,0.27513316,0.24856232,100
2020-02-14,-0.13315037,0.24699028,0.38014066,100
2020-02-15,0.17474596,0.3912286,0.21648265,100
2020-02-16,0.17846668,0.37459782,0.19613115,100
2020-02-17,0.10577446,0.37364483,0.2678704,100
2020-02-18,0.061132908,0.38377315,0.32264024,100
2020-02-19,0.1480727,0.37311482,0.22504212,100
2020-02-20,0.012165615,0.25654006,0.24437447,100
2020-02-21,-0.12585399,0.21898748,0.34484145,100
2020-02-22,0.08721375,0.2844212,0.19720747,100
2020-02-23,0.13755281,0.29940614,0.16185333,100
2020-02-24,-0.16572662,0.22696012,0.39268675,100
2020-02-25,-0.16975565,0.17830956,0.34806523,100
2020-02-26,0.08717732,0.34456715,0.2573898,100
2020-02-27,-0.12727045,0.19471475,0.32198521,100
2020-02-28,-0.19469602,0.21180199,0.40649804,100
2020-02-29,0.11143835,0.28403872,0.17260036,100
2020-03-01,0.12376452,0.3259829,0.20221838,100
2020-03-02,-0.07814441,0.28485015,0.36299458,100
2020-03-03,-0.025171706,0.313259,0.3384307,100
2020-03-04,-0.042164057,0.2974006,0.33956462,100
2020-03-05,-0.16609608,0.24088077,0.40697682,100
2020-03-06,-0.19652535,0.21616444,0.41268978,100
2020-03-07,0.12027939,0.34765857,0.22737919,100
2020-03-08,0.1983678,0.37689358,0.17852579,100
2020-03-09,-0.45851785,0.15515222,0.61367005,100
2020-03-10,-0.028740872,0.22493936,0.25368026,100
2020-03-11,-0.3116741,0.1864497,0.49812376,100
2020-03-12,-0.38233766,0.15806785,0.5404055,100
2020-03-13,-0.1257678,0.201972,0.3277398,100
2020-03-14,-0.0065984214,0.31379518,0.3203936,100
2020-03-15,0.15083262,0.37046257,0.21962996,100
2020-03-16,-0.3454935,0.20981923,0.55531275,100
2020-03-17,-0.123267785,0.23334849,0.35661626,100
2020-03-18,-0.3424615,0.20265037,0.5451119,100
2020-03-19,0.046441022,0.34027496,0.29383397,100
2020-03-20,-0.12646145,0.29783913,0.42430058,100
2020-03-21,-0.04590252,0.24514858,0.2910511,100
2020-03-22,0.08029828,0.28317064,0.20287237,100
2020-03-23,-0.14141667,0.21293402,0.3543507,100
2020-03-24,0.02685817,0.28452137,0.25766322,100
2020-03-25,-0.029310297,0.2825086,0.3118189,100
2020-03-26,-0.06366114,0.26151687,0.325178,100
2020-03-27,-0.22908375,0.19943249,0.42851624,100
2020-03-28,0.13653363,0.37948513,0.24295151,100
2020-03-29,0.022139385,0.25591975,0.23378038,100
2020-03-30,-0.14448039,0.2534572,0.39793754,100
2020-03-31,-0.15446866,0.21608156,0.3705502,100
2020-04-01,-0.30682588,0.1939334,0.5007593,100
2020-04-02,-0.096579246,0.2326335,0.32921273,100
2020-04-03,-0.4513354,0.16542388,0.6167593,100
2020-04-04,0.054276768,0.31406176,0.259785,100
2020-04-05,-0.027355721,0.26521605,0.29257178,100
2020-04-06,-0.28415173,0.23673193,0.5208837,100
2020-04-07,-0.11447063,0.31754157,0.4320122,100
2020-04-08,-0.22449316,0.24516991,0.46966308,100
2020-04-09,-0.06724529,0.33274162,0.39998692,100
2020-04-10,-0.0038317645,0.25215343,0.2559852,100
2020-04-11,0.06188189,0.3436079,0.281726,100
2020-04-12,0.100030705,0.30741104,0.20738034,100
2020-04-13,-0.15861662,0.27525154,0.43386817,100
2020-04-14,-0.15401714,0.2822965,0.43631363,100
2020-04-15,-0.15372615,0.2997479,0.45347404,100
2020-04-16,-0.2659006,0.2744778,0.5403784,100
2020-04-17,-0.00010438562,0.40570223,0.40580663,100
2020-04-18,0.030922312,0.3396225,0.3087002,100
2020-04-19,0.042114876,0.2910087,0.24889383,100
2020-04-20,-0.062125728,0.32462034,0.38674605,100
2020-04-21,-0.021074917,0.3429097,0.3639846,100
2020-04-22,-0.16278599,0.23766233,0.40044835,100
2020-04-23,-0.034498554,0.30676642,0.34126496,100
2020-04-24,-0.29738587,0.19155456,0.48894048,100
2020-04-25,-0.04821474,0.27063045,0.31884518,100
2020-04-26,-0.13563111,0.24673784,0.38236895,100
2020-04-27,-0.07108297,0.35367778,0.4247608,100
2020-04-28,0.038058054,0.3073227,0.26926467,100
2020-04-29,-0.10232295,0.3156376,0.41796055,100
2020-04-30,-0.16023819,0.24617277,0.40641093,100
2020-05-01,-0.20740108,0.22990337,0.43730447,100
2020-05-02,-0.027289186,0.2978929,0.32518208,100
2020-05-03,0.08793432,0.3541538,0.26621953,100
2020-05-04,-0.39244124,0.21943761,0.6118789,100
2020-05-05,0.056147233,0.3487212,0.29257396,100
2020-05-06,-0.15027726,0.24757367,0.39785096,100
2020-05-07,-0.18799603,0.19237629,0.38037232,100
2020-05-08,-0.053425886,0.27547547,0.32890138,100
2020-05-09,0.105029896,0.2572823,0.15225238,100
2020-05-10,0.08687762,0.30468088,0.21780325,100
2020-05-11,-0.14704522,0.29577723,0.44282246,100
2020-05-12,-0.0847142,0.27339953,0.3581137,100
2020-05-13,-0.27408448,0.21723816,0.49132264,100
2020-05-14,-0.29540297,0.20644468,0.5018476,100
2020-05-15,-0.18757315,0.2624593,0.45003247,100
2020-05-16,0.039562285,0.31070045,0.27113816,100
2020-05-17,0.020511542,0.31132403,0.2908125,100
2020-05-18,0.16792755,0.43863922,0.27071166,100
2020-05-19,0.10416699,0.44168177,0.3375148,100
2020-05-20,0.0052463072,0.37642822,0.3711819,100
2020-05-21,-0.08348049,0.29925337,0.38273388,100
2020-05-22,-0.33058,0.20158331,0.53216326,100
2020-05-23,0.03236795,0.3452542,0.31288627,100
2020-05-24,0.13994852,0.40798187,0.2680334,100
2020-05-25,0.11503869,0.39480472,0.27976605,100
2020-05-26,0.037620768,0.34298286,0.3053621,100
2020-05-27,-0.11499721,0.30898485,0.42398205,100
2020-05-28,-0.14926843,0.29477802,0.44404644,100
2020-05-29,-0.15285754,0.2705295,0.42338702,100
2020-05-30,0.17161126,0.37606862,0.20445734,100
2020-05-31,0.278183,0.42875177,0.15056877,100
2020-06-01,-0.042762008,0.3102343,0.3529963,100
2020-06-02,0.09626038,0.38014603,0.28388566,100
2020-06-03,0.12561345,0.4470254,0.32141194,100
2020-06-04,0.006061098,0.36753216,0.36147106,100
2020-06-05,0.01440829,0.37702492,0.36261666,100
2020-06-06,0.28726137,0.49200577,0.20474443,91
2020-06-07,0.24986616,0.39196482,0.14209868,100
2020-06-08,0.061792735,0.39259735,0.3308046,100
2020-06-09,-0.16627769,0.28943717,0.45571488,100
2020-06-10,-0.07046099,0.32480294,0.3952639,100
2020-06-11,-0.32308185,0.17386703,0.4969489,100
2020-06-12,-0.02244123,0.3321044,0.35454562,100
2020-06-13,0.19743018,0.44247323,0.24504307,72
2020-06-14,0.05887302,0.29451603,0.235643,100
2020-06-15,-0.10388944,0.27909213,0.38298157,100
2020-06-16,0.2617368,0.47532317,0.21358635,100
2020-06-17,0.040477157,0.37583783,0.33536068,100
2020-06-18,-0.08012789,0.2856225,0.3657504,100
2020-06-19,-0.0709573,0.32670185,0.39765915,100
2020-06-20,0.01812452,0.28776553,0.269641,66
2020-06-21,0.10927405,0.3223194,0.21304533,100
2020-06-22,-0.13601835,0.27998775,0.4160061,100
2020-06-23,0.023403017,0.36357418,0.34017116,100
2020-06-24,-0.1382441,0.25340074,0.39164487,100
2020-06-25,-0.1894207,0.2513486,0.4407693,100
2020-06-26,-0.1640769,0.28891528,0.45299217,100
2020-06-27,0.09055696,0.32426715,0.23371021,100
2020-06-28,0.08872869,0.3080246,0.21929589,100
2020-06-29,0.2170818,0.49101186,0.27393004,100
2020-06-30,-0.16837384,0.26670712,0.43508095,100
2020-07-01,0.13545103,0.45609328,0.3206423,100
2020-07-02,-0.003047406,0.35012895,0.35317636,100
2020-07-03,0.03728236,0.36557698,0.32829463,100
2020-07-04,0.0029281173,0.37880522,0.37587708,58
2020-07-05,0.24569622,0.40447602,0.15877979,100
2020-07-06,-0.056983363,0.32233727,0.37932065,100
2020-07-07,-0.19505405,0.2413962,0.43645027,100
2020-07-08,0.0051650642,0.3780256,0.37286052,100
2020-07-09,-0.12556191,0.30244818,0.4280101,100
2020-07-10,0.06072724,0.38391122,0.32318398,100
2020-07-11,0.1258117,0.39574555,0.26993385,53
2020-07-12,0.085716665,0.29596502,0.21024834,100
2020-07-13,0.20036931,0.4673531,0.26698378,100
2020-07-14,0.034542743,0.37029922,0.33575648,100
2020-07-15,0.0824303,0.40564772,0.32321742,100
2020-07-16,-0.21483044,0.25650948,0.4713399,100
2020-07-17,0.0070291436,0.35333812,0.34630898,100
2020-07-18,0.051013462,0.37049767,0.3194842,66
2020-07-19,0.11925375,0.33831817,0.21906441,100
2020-07-20,0.2049549,0.45664638,0.25169146,100
2020-07-21,-0.018932132,0.33233356,0.35126567,100
2020-07-22,0.13986604,0.4375432,0.2976772,100
2020-07-23,-0.12602681,0.26432306,0.3903499,100
2020-07-24,-0.2628522,0.2458546,0.5087068,100
2020-07-25,0.28794256,0.4603448,0.17240223,78
2020-07-26,0.17354788,0.39416474,0.22061683,100
2020-07-27,0.019316582,0.33366308,0.3143465,100
2020-07-28,-0.054641448,0.28245112,0.33709258,100
2020-07-29,0.13998726,0.42640564,0.28641838,100
2020-07-30,-0.06058605,0.31134757,0.37193358,100
2020-07-31,0.08902998,0.31411868,0.22508869,100
2020-08-01,0.14184782,0.30579728,0.16394944,89
2020-08-02,0.19866256,0.39376676,0.19510418,100
2020-08-03,0.00832112,0.36574584,0.35742474,100
2020-08-04,-0.135315,0.29150423,0.42681924,100
2020-08-05,0.073386766,0.38440102,0.31101426,100
2020-08-06,-0.093509294,0.27182397,0.36533326,100
2020-08-07,-0.16765262,0.25256076,0.4202134,100
2020-08-08,0.12768795,0.3867202,0.25903222,100
2020-08-09,0.098115854,0.43822885,0.34011298,82
2020-08-10,0.10817701,0.41551572,0.30733868,100
2020-08-11,0.06362758,0.35776925,0.29414165,100
2020-08-12,-0.0061179386,0.32649094,0.33260888,100
2020-08-13,-0.076150425,0.29944545,0.3755959,100
2020-08-14,-0.17952088,0.23159832,0.4111192,100
2020-08-15,0.0736225,0.34643614,0.27281365,89
2020-08-16,0.13819516,0.3882922,0.25009704,100
2020-08-17,0.20142889,0.4377399,0.23631102,100
2020-08-18,-0.09338042,0.2801368,0.3735172,100
2020-08-19,-0.092655316,0.26612374,0.35877904,100
2020-08-20,-0.07629208,0.27161324,0.3479053,100
2020-08-21,-0.017101338,0.3243391,0.34144047,100
2020-08-22,0.05955895,0.3495169,0.28995794,80
2020-08-23,0.0661551,0.29615512,0.23000002,100
2020-08-24,0.2724101,0.47224244,0.19983235,100
2020-08-25,0.029259168,0.38111746,0.3518583,100
2020-08-26,0.16228342,0.4135042,0.2512208,100
2020-08-27,0.02167079,0.3507288,0.32905805,100
2020-08-28,0.081331626,0.35538337,0.27405176,100
2020-08-29,0.2794847,0.4967555,0.21727082,65
2020-08-30,0.27850038,0.43878937,0.16028899,100
2020-08-31,0.016515313,0.35909477,0.34257945,100
2020-09-01,0.21569568,0.4476028,0.2319071,100
2020-09-02,0.018069545,0.32987675,0.3118072,100
2020-09-03,-0.12196572,0.25275996,0.3747257,100
2020-09-04,-0.09635592,0.27376828,0.37012422,100
2020-09-05,0.2059057,0.3988636,0.19295791,91
2020-09-06,0.28595895,0.39290437,0.10694541,100
2020-09-07,0.15317799,0.4770222,0.32384425,100
2020-09-08,-0.16994143,0.31619704,0.48613846,100
2020-09-09,0.017498659,0.38229287,0.3647942,100
2020-09-10,0.04291117,0.3463259,0.30341473,100
2020-09-11,0.029812029,0.30266282,0.27285078,100
2020-09-12,0.06623533,0.24634428,0.18010896,96
2020-09-13,0.10659794,0.3286191,0.22202112,100
2020-09-14,0.19773878,0.45019257,0.25245377,100
2020-09-15,0.047143403,0.34903428,0.30189088,100
2020-09-16,0.036317956,0.35450318,0.3181852,100
2020-09-17,-0.05398634,0.31909925,0.37308556,100
2020-09-18,0.013975389,0.34503773,0.33106235,100
2020-09-19,0.15545726,0.42950934,0.2740521,55
2020-09-20,0.04984771,0.28848282,0.23863511,100
2020-09-21,-0.2504732,0.25367513,0.5041483,100
2020-09-22,0.07071062,0.37640473,0.30569407,100
2020-09-23,0.04378152,0.36980438,0.32602283,100
2020-09-24,0.04135314,0.40528855,0.36393538,100
2020-09-25,-0.0038793075,0.37467918,0.37855852,100
2020-09-26,-0.011533029,0.3257901,0.33732313,86
2020-09-27,0.06395314,0.3564257,0.29247254,100
2020-09-28,0.16099168,0.48682716,0.32583547,100
2020-09-29,-0.22021623,0.2948249,0.5150411,100
2020-09-30,0.053525325,0.39439243,0.34086713,100
2020-10-01,0.09566257,0.4290396,0.33337703,100
2020-10-02,-0.18639563,0.29928824,0.48568386,100
2020-10-03,0.11483123,0.3862684,0.27143717,89
2020-10-04,0.092727825,0.30640927,0.21368143,100
2020-10-05,0.0046479744,0.34906635,0.3444184,100
2020-10-06,-0.069837466,0.36187977,0.43171728,100
2020-10-07,0.034102697,0.37844467,0.34434196,100
2020-10-08,-0.0031897896,0.3937873,0.39697713,100
2020-10-09,-0.017155586,0.3381542,0.35530975,100
2020-10-10,0.26114264,0.40378952,0.1426469,100
2020-10-11,0.12137361,0.3104955,0.18912192,100
2020-10-12,0.025406959,0.36273846,0.3373315,100
2020-10-13,-0.14930373,0.23497806,0.3842818,100
2020-10-14,0.1458893,0.4462325,0.30034322,100
2020-10-15,-0.061265793,0.32014385,0.38140965,100
2020-10-16,0.05812878,0.35320407,0.2950753,100
2020-10-17,0.16042398,0.4014403,0.2410163,85
2020-10-18,0.21681777,0.3719484,0.15513064,100
2020-10-19,0.11238857,0.4473922,0.3350036,100
2020-10-20,0.07199943,0.3874201,0.31542066,100
2020-10-21,0.03571313,0.36122885,0.32551575,100
2020-10-22,0.022808818,0.35889825,0.33608943,100
2020-10-23,-0.03321871,0.35753372,0.39075243,100
2020-10-24,0.15932807,0.36959285,0.21026477,90
2020-10-25,0.1518457,0.3714042,0.21955849,100
2020-10-26,-0.12930591,0.2795807,0.40888664,100
2020-10-27,-0.12538005,0.33790734,0.46328738,100
2020-10-28,-0.2759425,0.23343126,0.5093737,100
2020-10-29,-0.11800584,0.25331712,0.37132293,100
2020-10-30,0.01431145,0.3063248,0.29201335,100
2020-10-31,0.25204444,0.42516258,0.17311817,100
2020-11-01,0.04010426,0.34084022,0.30073595,100
2020-11-02,0.11322298,0.42471972,0.31149676,100
2020-11-03,-0.033764973,0.35475448,0.38851944,100
2020-11-04,0.06234496,0.40910247,0.3467575,100
2020-11-05,0.11998864,0.3663436,0.24635497,100
2020-11-06,-0.015645955,0.28563407,0.30128005,100
2020-11-07,0.043259278,0.38129878,0.33803952,100
2020-11-08,0.068421915,0.29094455,0.22252265,100
2020-11-09,0.055442423,0.38421702,0.3287746,100
2020-11-10,-0.19516915,0.2628053,0.45797446,100
2020-11-11,0.18761016,0.44760406,0.2599939,100
2020-11-12,0.04701204,0.32440263,0.2773906,100
2020-11-13,0.20961624,0.45813033,0.2485141,100
2020-11-14,0.22794497,0.409594,0.18164906,100
2020-11-15,0.22815315,0.3713472,0.14319405,100
2020-11-16,0.1818672,0.4476125,0.26574528,100
2020-11-17,0.0145767685,0.3446579,0.33008114,100
2020-11-18,0.07102379,0.3717748,0.300751,100
2020-11-19,-0.0029581499,0.29220572,0.29516387,100
2020-11-20,0.018219806,0.33181623,0.31359643,100
2020-11-21,0.25314766,0.41635883,0.16321117,100
2020-11-22,0.18307249,0.33157226,0.14849977,100
2020-11-23,0.21585214,0.46095437,0.2451022,100
2020-11-24,0.11095036,0.41673896,0.30578864,100
2020-11-25,0.02500963,0.30733687,0.28232723,100
2020-11-26,0.012736898,0.34146023,0.3287233,100
2020-11-27,0.06398085,0.3647274,0.30074656,100
2020-11-28,0.1773602,0.37205073,0.19469053,81
2020-11-29,0.3071858,0.43374637,0.12656057,100
2020-11-30,-0.0041048136,0.3362773,0.34038213,100
2020-12-01,0.19411898,0.40094557,0.2068266,100
2020-12-02,0.15447952,0.43231687,0.27783734,100
2020-12-03,0.1380326,0.41616622,0.27813363,100
2020-12-04,0.024314547,0.39287537,0.36856082,100
2020-12-05,0.16766372,0.37516212,0.20749842,100
2020-12-06,0.26298857,0.39107686,0.1280883,100
2020-12-07,0.0828742,0.39729115,0.31441694,100
2020-12-08,0.019377628,0.36844307,0.34906542,100
2020-12-09,0.041434277,0.3675878,0.32615358,100
2020-12-10,0.12504089,0.37331933,0.24827841,100
2020-12-11,-0.026499234,0.30941245,0.33591166,100
2020-12-12,0.13711648,0.37216926,0.23505278,100
2020-12-13,0.34491116,0.452136,0.10722487,100
2020-12-14,0.123507805,0.42026728,0.2967595,100
2020-12-15,0.19096546,0.4200884,0.22912297,100
2020-12-16,0.07891025,0.36273956,0.28382933,100
2020-12-17,0.15537557,0.3784274,0.22305182,100
2020-12-18,-0.14523868,0.26870143,0.41394007,100
2020-12-19,0.26247266,0.42543712,0.16296446,100
2020-12-20,0.20787056,0.3290042,0.12113366,100
2020-12-21,-0.20484647,0.23243098,0.43727744,100
2020-12-22,0.07403249,0.39685258,0.3228201,100
2020-12-23,0.10014547,0.37902284,0.27887738,100
2020-12-24,-0.01296592,0.31863207,0.33159798,100
2020-12-25,0.2838271,0.4180042,0.1341771,52
2020-12-26,0.24502029,0.41449574,0.16947544,88
2020-12-27,0.27443096,0.42770413,0.15327317,100
2020-12-28,-0.12074132,0.2711788,0.39192018,100
2020-12-29,-0.09749113,0.31766546,0.4151566,100
2020-12-30,0.07994145,0.39270985,0.31276837,100
2020-12-31,0.0045087263,0.3108276,0.30631888,100
2021-01-01,0.46695158,0.5943849,0.12743331,64
2021-01-02,0.35977346,0.47871652,0.11894309,57
2021-01-03,0.19060175,0.34161294,0.15101117,100
2021-01-04,-0.050802417,0.3065841,0.3573865,100
2021-01-05,0.09739801,0.3941769,0.2967789,100
2021-01-06,0.061281495,0.35135734,0.29007584,100
2021-01-07,0.045700345,0.3643066,0.31860626,100
2021-01-08,0.05502753,0.36477965,0.30975214,100
2021-01-09,0.28131652,0.44011518,0.1587987,99
2021-01-10,0.32133397,0.39594764,0.0746137,100
2021-01-11,-0.064977065,0.31354603,0.3785231,100
2021-01-12,0.08928075,0.38715494,0.29787418,100
2021-01-13,0.11675713,0.4055748,0.28881767,100
2021-01-14,0.035709806,0.3620449,0.3263351,100
2021-01-15,-0.008826734,0.3005935,0.30942023,100
2021-01-16,0.3484306,0.4694898,0.1210592,100
2021-01-17,0.23049468,0.35549176,0.12499707,100
2021-01-18,0.12850964,0.37635133,0.24784169,100
2021-01-19,0.2008535,0.43868628,0.23783281,100
2021-01-20,0.045438,0.33137503,0.28593704,100
2021-01-21,0.09795123,0.37258977,0.27463853,100
2021-01-22,0.07415322,0.35575515,0.28160194,100
2021-01-23,0.19268218,0.3711654,0.17848322,80
2021-01-24,0.25833023,0.4111535,0.15282325,100
2021-01-25,0.17442873,0.40987405,0.2354453,100
2021-01-26,0.16306196,0.3906047,0.22754273,100
2021-01-27,0.050863765,0.36286995,0.31200618,100
2021-01-28,0.10069656,0.37378445,0.2730879,100
2021-01-29,-0.032576278,0.3467087,0.37928498,100
2021-01-30,0.123507634,0.39527643,0.27176878,100
2021-01-31,0.11604009,0.3380523,0.22201219,100
2021-02-01,0.24132685,0.43478534,0.19345851,100
2021-02-02,0.11245454,0.37178668,0.25933215,100
2021-02-03,0.09917028,0.36517686,0.2660066,100
2021-02-04,0.06872343,0.33435735,0.26563388,100
2021-02-05,0.17229012,0.37115347,0.19886337,100
2021-02-06,0.25113502,0.391195,0.14005998,100
2021-02-07,0.16668047,0.35124153,0.18456106,100
2021-02-08,0.22222814,0.44500813,0.22278,100
2021-02-09,0.13497283,0.3420781,0.20710523,100
2021-02-10,0.08249198,0.36246324,0.27997124,100
2021-02-11,0.060544606,0.34660724,0.28606266,100
2021-02-12,0.0850795,0.36465615,0.27957666,100
2021-02-13,0.28067285,0.42748398,0.14681113,100
2021-02-14,0.21274255,0.36683747,0.1540949,100
2021-02-15,0.23025127,0.40588254,0.17563125,100
2021-02-16,0.13926099,0.39757264,0.25831166,100
2021-02-17,-0.04054056,0.27650517,0.31704572,100
2021-02-18,-0.07580038,0.27929595,0.35509637,100
2021-02-19,0.14888805,0.3882164,0.23932834,100
2021-02-20,0.15963161,0.35849822,0.19886662,100
2021-02-21,0.05634701,0.30995917,0.25361216,100
2021-02-22,-0.08513924,0.27210447,0.3572437,100
2021-02-23,-0.08945112,0.30136034,0.39081147,100
2021-02-24,0.06711165,0.35473755,0.28762588,100
2021-02-25,-0.0019336331,0.27027217,0.2722058,100
2021-02-26,0.10737119,0.3415643,0.23419312,100
2021-02-27,0.21018668,0.3769336,0.16674694,100
2021-02-28,0.026192978,0.29382628,0.26763332,100
2021-03-01,0.27858126,0.4547943,0.176213,100
2021-03-02,-0.03740484,0.26868463,0.3060895,100
2021-03-03,0.015258448,0.33172312,0.31646466,100
2021-03-04,-0.12239001,0.2340368,0.3564268,100
2021-03-05,-0.14891797,0.20791708,0.35683507,100
2021-03-06,0.14357933,0.33706012,0.19348079,100
2021-03-07,0.17234871,0.3406184,0.16826971,100
2021-03-08,-0.008617539,0.32009393,0.32871148,100
2021-03-09,0.13500161,0.3784562,0.24345459,100
2021-03-10,0.10912327,0.37053216,0.2614089,100
2021-03-11,0.12034824,0.35589847,0.23555025,100
2021-03-12,0.13652043,0.37065163,0.2341312,100
2021-03-13,0.16433711,0.3448793,0.18054219,100
2021-03-14,0.19783273,0.38713604,0.18930331,100
2021-03-15,0.12970449,0.3534766,0.22377211,100
2021-03-16,0.08833623,0.3598941,0.27155787,100
2021-03-17,-0.0012084899,0.29380906,0.29501754,100
2021-03-18,0.017788697,0.28808507,0.27029637,100
2021-03-19,0.15808238,0.33297306,0.17489067,100
2021-03-20,0.14025648,0.3042394,0.16398291,100
2021-03-21,0.03530823,0.25854456,0.22323635,100
2021-03-22,0.046631947,0.29050863,0.24387668,100
2021-03-23,-0.089434795,0.25054196,0.33997676,100
2021-03-24,0.036264475,0.4023774,0.3661129,100
2021-03-25,-0.06266295,0.2804764,0.34313935,100
2021-03-26,0.05735445,0.30307582,0.24572134,100
2021-03-27,0.19095074,0.35433605,0.16338532,100
2021-03-28,0.26254258,0.42378816,0.1612456,100
2021-03-29,-0.08203629,0.31032753,0.39236382,100
2021-03-30,0.056189753,0.36185414,0.30566436,100
2021-03-31,0.10899579,0.38957655,0.2805808,100
2021-04-01,0.09244729,0.34960532,0.25715804,100
2021-04-02,0.21247482,0.4160733,0.20359848,100
2021-04-03,0.21153718,0.42000496,0.20846781,83
2021-04-04,0.23469955,0.35258725,0.11788769,100
2021-04-05,0.0923515,0.3192225,0.226871,100
2021-04-06,0.09257374,0.27244624,0.1798725,100
2021-04-07,-0.0020038795,0.26562098,0.26762486,100
2021-04-08,0.06391659,0.25815812,0.19424152,100
2021-04-09,0.13068146,0.35227665,0.22159521,100
2021-04-10,0.2857616,0.40913907,0.123377495,97
2021-04-11,0.075999476,0.30589166,0.22989218,100
2021-04-12,-0.015612891,0.33882853,0.35444146,100
2021-04-13,-0.08247274,0.27223265,0.3547054,100
2021-04-14,0.1570588,0.40708408,0.25002527,100
2021-04-15,0.131166,0.3516937,0.2205277,100
2021-04-16,0.028250547,0.34210882,0.31385827,100
2021-04-17,0.16862707,0.3462813,0.1776542,100
2021-04-18,0.23573427,0.3404143,0.10468,100
2021-04-19,0.053321328,0.38282436,0.32950303,100
2021-04-20,-0.051005606,0.303408,0.3544136,100
2021-04-21,0.18491161,0.39723405,0.21232244,100
2021-04-22,0.05760408,0.319026,0.26142192,100
2021-04-23,0.1200151,0.35547757,0.23546247,100
2021-04-24,0.23330091,0.46979442,0.23649351,100
2021-04-25,0.23929909,0.3489929,0.109693855,100
2021-04-26,0.13258676,0.38577756,0.2531908,100
2021-04-27,0.07536201,0.329972,0.25460997,100
2021-04-28,-0.021817341,0.2987748,0.32059216,100
2021-04-29,0.17621736,0.33065656,0.1544392,100
2021-04-30,0.06773687,0.3030923,0.23535544,100
2021-05-01,0.20958024,0.34356064,0.13398041,100
2021-05-02,0.103146926,0.28163707,0.17849015,100
2021-05-03,0.10789492,0.3727006,0.2648057,100
2021-05-04,0.1654442,0.40766168,0.24221747,100
2021-05-05,0.017887425,0.26719135,0.24930394,100
2021-05-06,-0.1263217,0.1971142,0.3234359,100
2021-05-07,0.059337102,0.31078753,0.25145042,100
2021-05-08,0.14230847,0.32326385,0.18095537,100
2021-05-09,0.13332725,0.33137673,0.19804947,100
2021-05-10,0.03483296,0.36881444,0.33398148,100
2021-05-11,-0.04140972,0.2754682,0.31687793,100
2021-05-12,0.014411652,0.28789446,0.2734828,100
2021-05-13,0.080980405,0.346579,0.2655986,100
2021-05-14,0.09374899,0.35701057,0.2632616,100
2021-05-15,0.17339139,0.34985077,0.17645939,100
2021-05-16,0.13808732,0.3228192,0.18473189,100
2021-05-17,0.09744618,0.36278725,0.26534107,100
2021-05-18,0.20973586,0.43694758,0.22721174,100
2021-05-19,0.04906727,0.3299063,0.28083906,100
2021-05-20,0.2008071,0.39286545,0.19205834,100
2021-05-21,0.19136639,0.37223637,0.18086998,100
2021-05-22,0.18435976,0.35522395,0.17086418,100
2021-05-23,0.13008651,0.39732575,0.26723924,100
2021-05-24,0.11299164,0.32052976,0.20753811,100
2021-05-25,0.08168938,0.32893628,0.24724692,100
2021-05-26,0.16757168,0.44151494,0.27394325,100
2021-05-27,0.20398133,0.4112745,0.20729317,100
2021-05-28,0.11328224,0.39743125,0.28414905,100
2021-05-29,0.1727493,0.31719148,0.14444217,100
2021-05-30,0.16966726,0.34752122,0.17785393,100
2021-05-31,0.16109315,0.3728589,0.21176578,100
2021-06-01,0.15675618,0.40195683,0.24520065,100
2021-06-02,0.17923895,0.42812794,0.24888901,100
2021-06-03,-0.122417144,0.22160272,0.34401986,100
2021-06-04,0.20467682,0.4369798,0.232303,100
2021-06-05,0.23957749,0.37101504,0.13143755,100
2021-06-06,0.2668874,0.3864179,0.11953048,100
2021-06-07,0.21013567,0.44893852,0.23880284,100
2021-06-08,0.07435941,0.36640933,0.2920499,100
2021-06-09,-0.12021607,0.2901862,0.4104023,100
2021-06-10,0.17258577,0.3795528,0.20696703,100
2021-06-11,0.04008687,0.28460684,0.24452,100
2021-06-12,0.19901009,0.3406571,0.141647,100
2021-06-13,0.22064297,0.35180932,0.13116634,100
2021-06-14,0.08795259,0.38313243,0.29517984,100
2021-06-15,0.053431172,0.33824116,0.28480998,100
2021-06-16,0.10093914,0.33930516,0.23836601,100
2021-06-17,0.108655795,0.32658696,0.21793115,100
2021-06-18,-0.0148367025,0.2834092,0.2982459,100
2021-06-19,0.15886307,0.31297904,0.15411596,100
2021-06-20,0.056116745,0.30642015,0.25030342,100
2021-06-21,0.012010958,0.29253003,0.28051907,100
2021-06-22,0.14593807,0.36042815,0.21449012,100
2021-06-23,0.052945275,0.34306034,0.29011506,100
2021-06-24,0.077084765,0.33433014,0.2572454,100
2021-06-25,0.023547778,0.30459428,0.2810465,100
2021-06-26,0.20161179,0.36770672,0.16609493,100
2021-06-27,0.15070361,0.31416205,0.16345844,100
2021-06-28,0.15283136,0.39801943,0.2451881,100
2021-06-29,0.08564724,0.3339424,0.24829517,100
2021-06-30,0.07117017,0.33280778,0.2616376,100
2021-07-01,0.15311287,0.3603803,0.20726742,100
2021-07-02,0.064201295,0.36359456,0.29939327,100
2021-07-03,0.18160787,0.37058482,0.18897694,72
2021-07-04,0.16244376,0.2797726,0.11732886,100
2021-07-05,0.09471015,0.30480555,0.2100954,100
2021-07-06,-0.054331377,0.28999284,0.34432423,100
2021-07-07,0.07766358,0.3488238,0.27116022,100
2021-07-08,-0.19694173,0.23944925,0.436391,100
2021-07-09,0.10318439,0.35917476,0.2559904,100
2021-07-10,0.24496627,0.40008506,0.15511881,90
2021-07-11,0.1512651,0.3642179,0.21295282,100
2021-07-12,0.18920764,0.41516212,0.22595446,100
2021-07-13,0.07459305,0.2983719,0.22377884,100
2021-07-14,0.033664927,0.3375572,0.30389225,100
2021-07-15,-0.113896936,0.25798577,0.37188274,100
2021-07-16,-0.1759916,0.23178013,0.4077717,100
2021-07-17,0.22829933,0.36902645,0.14072712,100
2021-07-18,0.041515075,0.27674982,0.23523474,100
2021-07-19,-0.25958717,0.18588425,0.4454714,100
2021-07-20,0.053217687,0.32352555,0.27030784,100
2021-07-21,0.18064493,0.39643592,0.21579097,100
2021-07-22,0.016021071,0.31450656,0.29848552,100
2021-07-23,0.15831107,0.40489036,0.2465793,100
2021-07-24,0.1467803,0.3140937,0.1673134,100
2021-07-25,0.25061348,0.34710422,0.096490726,100
2021-07-26,-0.07810087,0.31727496,0.39537582,100
2021-07-27,0.02572675,0.31100005,0.2852733,100
2021-07-28,0.10861373,0.3495907,0.24097694,100
2021-07-29,0.17454195,0.38166615,0.20712422,100
2021-07-30,-0.059485566,0.25225687,0.31174242,100
2021-07-31,0.17667407,0.3275363,0.15086228,100
2021-08-01,0.13806587,0.3131093,0.17504343,100
2021-08-02,0.13528645,0.3861183,0.2508318,100
2021-08-03,0.03593005,0.3149527,0.27902263,100
2021-08-04,0.14493635,0.35364306,0.20870672,100
2021-08-05,0.018221708,0.27408814,0.2558664,100
2021-08-06,0.117965125,0.341586,0.22362088,100
2021-08-07,0.18886396,0.34845623,0.15959224,100
2021-08-08,0.12047033,0.2596117,0.13914137,100
2021-08-09,0.008229604,0.32731578,0.3190862,100
2021-08-10,0.06501741,0.35184127,0.28682384,100
2021-08-11,-0.031165743,0.27365807,0.3048238,100
2021-08-12,0.02244907,0.2885795,0.26613042,100
2021-08-13,0.053343683,0.35191932,0.29857567,100
2021-08-14,0.102252595,0.38239497,0.2801424,100
2021-08-15,0.068709396,0.26449987,0.19579048,100
2021-08-16,-0.22673827,0.18528709,0.41202536,100
2021-08-17,-0.11380646,0.27774215,0.39154857,100
2021-08-18,0.01753225,0.31749326,0.299961,100
2021-08-19,-0.20058875,0.18339613,0.38398486,100
2021-08-20,-0.19436416,0.24367514,0.43803933,100
2021-08-21,0.13402061,0.32369277,0.18967219,100
2021-08-22,0.2421409,0.37056246,0.12842156,100
2021-08-23,0.29315206,0.48043004,0.18727799,100
2021-08-24,0.23917013,0.4625493,0.22337914,100
2021-08-25,0.3045551,0.51839715,0.21384203,100
2021-08-26,0.022261884,0.33591115,0.31364927,100
2021-08-27,0.05803628,0.33576596,0.2777297,100
2021-08-28,0.07735441,0.3394021,0.26204774,100
2021-08-29,0.04153274,0.35366315,0.31213042,100
2021-08-30,-0.055015374,0.24591288,0.30092824,100
2021-08-31,0.09091574,0.34392846,0.25301272,100
2021-09-01,-0.02778302,0.31949744,0.34728047,100
2021-09-02,0.055081822,0.36170807,0.30662626,100
2021-09-03,0.15026534,0.36735532,0.21708998,100
2021-09-04,0.025192296,0.2948943,0.269702,100
2021-09-05,0.1819393,0.3831123,0.20117301,100
2021-09-06,0.07255604,0.33951393,0.2669579,100
2021-09-07,-0.11441772,0.27038717,0.38480487,100
2021-09-08,0.013821261,0.25336882,0.23954755,100
2021-09-09,0.029308649,0.29741114,0.26810253,100
2021-09-10,0.0027167953,0.34080628,0.3380895,100
2021-09-11,0.26645768,0.41442475,0.14796709,100
2021-09-12,0.069364965,0.25015974,0.18079478,100
2021-09-13,0.045673933,0.32237798,0.276704,100
2021-09-14,0.052123602,0.3029392,0.2508156,100
2021-09-15,0.07522784,0.35487244,0.2796446,100
2021-09-16,-0.043299302,0.26649955,0.30979884,100
2021-09-17,-0.06957959,0.26095298,0.33053258,100
2021-09-18,0.12994532,0.30172956,0.17178422,100
2021-09-19,0.12424304,0.2557542,0.13151117,100
2021-09-20,-0.08605498,0.28195173,0.3680067,100
2021-09-21,0.09424626,0.29131326,0.19706699,100
2021-09-22,-0.0009040397,0.29812244,0.29902646,100
2021-09-23,0.14123455,0.3757294,0.23449486,100
2021-09-24,-0.1139296,0.24015613,0.35408574,100
2021-09-25,0.15655826,0.31703183,0.16047357,100
2021-09-26,0.24334045,0.34550297,0.102162495,100
2021-09-27,0.04065529,0.3578106,0.31715533,100
2021-09-28,-0.13409518,0.24354614,0.37764132,100
2021-09-29,0.04886854,0.31496823,0.2660997,100
2021-09-30,0.014225335,0.3073365,0.29311118,100
2021-10-01,0.07329521,0.33718488,0.26388964,100
2021-10-02,0.161485,0.3386096,0.17712463,100
2021-10-03,0.1077213,0.2737484,0.16602708,100
2021-10-04,-0.08733889,0.29160303,0.37894192,100
2021-10-05,0.082028866,0.35990036,0.2778715,100
2021-10-06,0.025792144,0.33018443,0.3043923,100
2021-10-07,0.15759088,0.38036728,0.22277641,100
2021-10-08,0.11662606,0.39446554,0.27783948,100
2021-10-09,-0.06435857,0.25831574,0.32267433,100
2021-10-10,0.1622886,0.34329832,0.1810097,100
2021-10-11,-0.02454091,0.30592734,0.33046827,100
2021-10-12,-0.20113692,0.22503735,0.42617428,100
2021-10-13,-0.008639884,0.23293258,0.24157247,100
2021-10-14,0.14215764,0.35011902,0.20796137,100
2021-10-15,-0.01058694,0.28853884,0.2991258,100
2021-10-16,0.15641402,0.35339573,0.19698171,100
2021-10-17,0.11509414,0.28732964,0.17223553,100
2021-10-18,0.11959429,0.41518438,0.29559004,100
2021-10-19,0.0945439,0.37103122,0.27648732,100
2021-10-20,0.06021964,0.37473533,0.3145157,100
2021-10-21,-0.035056543,0.28232414,0.31738067,100
2021-10-22,0.042096756,0.35642895,0.3143322,100
2021-10-23,0.13700964,0.3225395,0.18552986,100
2021-10-24,0.082740106,0.34016258,0.25742248,100
2021-10-25,0.18487579,0.37922713,0.19435135,100
2021-10-26,0.057373043,0.31271508,0.25534204,100
2021-10-27,0.24255568,0.41888028,0.17632459,100
2021-10-28,0.12642343,0.32839385,0.20197044,100
2021-10-29,0.19222946,0.4238697,0.23164025,100
2021-10-30,0.2020071,0.34402648,0.14201939,100
2021-10-31,0.18348141,0.36620033,0.18271893,100
2021-11-01,0.23894194,0.45321545,0.21427351,100
2021-11-02,0.11852186,0.36728284,0.24876098,100
2021-11-03,0.18343756,0.38812962,0.20469207,100
2021-11-04,0.046218738,0.26328242,0.21706368,100
2021-11-05,0.14004982,0.3667712,0.22672138,100
2021-11-06,0.20020264,0.31120774,0.1110051,100
2021-11-07,0.0844726,0.34237576,0.25790316,100
2021-11-08,0.06701019,0.37976673,0.31275654,100
2021-11-09,0.057846002,0.31671152,0.25886554,100
2021-11-10,0.054096833,0.3118709,0.25777406,100
2021-11-11,0.08902131,0.28151542,0.19249411,100
2021-11-12,0.12658706,0.34021088,0.2136238,100
2021-11-13,0.1944215,0.36901847,0.17459697,100
2021-11-14,0.16265899,0.34058055,0.17792156,100
2021-11-15,0.15136217,0.39788726,0.2465251,100
2021-11-16,0.012211952,0.31716493,0.30495298,100
2021-11-17,0.1050764,0.37515083,0.27007443,100
2021-11-18,-0.06655011,0.21593355,0.28248367,100
2021-11-19,-0.11834997,0.2663437,0.3846937,100
2021-11-20,0.16862564,0.2898515,0.121225856,100
2021-11-21,0.16710538,0.3041722,0.13706681,100
2021-11-22,0.08684835,0.3492069,0.26235855,100
2021-11-23,-0.013231652,0.3160375,0.32926914,100
2021-11-24,0.009289752,0.28923208,0.27994233,100
2021-11-25,0.14616355,0.41283238,0.26666883,100
2021-11-26,-0.0038403403,0.35079995,0.35464028,100
2021-11-27,-0.044453308,0.24483,0.2892833,100
2021-11-28,0.106001034,0.28866076,0.18265975,100
2021-11-29,0.021721892,0.3226099,0.300888,100
2021-11-30,-0.14949629,0.2714194,0.4209157,100
2021-12-01,0.06790278,0.35377172,0.28586894,100
2021-12-02,-0.0022295471,0.29704395,0.29927352,100
2021-12-03,-0.051512737,0.28480324,0.336316,100
2021-12-04,0.15604505,0.4013869,0.24534184,90
2021-12-05,-0.0093726255,0.23994775,0.24932037,100
2021-12-06,-0.05789258,0.31499583,0.37288842,100
2021-12-07,0.14809409,0.395204,0.24710989,100
2021-12-08,0.037223395,0.33725902,0.30003566,100
2021-12-09,-0.03317145,0.27095616,0.3041276,100
2021-12-10,0.16667575,0.3781265,0.21145076,100
2021-12-11,0.23181643,0.38329756,0.15148114,100
2021-12-12,0.20433472,0.33644375,0.13210902,100
2021-12-13,-0.08284102,0.24650472,0.32934573,100
2021-12-14,-0.08580016,0.28314534,0.3689455,100
2021-12-15,-0.004597876,0.3543877,0.35898554,100
2021-12-16,0.035103623,0.3428056,0.30770198,100
2021-12-17,-0.023872172,0.32922328,0.35309547,100
2021-12-18,0.16896786,0.3420727,0.17310484,99
2021-12-19,0.15910651,0.3163259,0.15721938,100
2021-12-20,-0.12365317,0.28369018,0.40734336,100
2021-12-21,0.13976498,0.39173424,0.25196925,100
2021-12-22,-0.14835271,0.2649422,0.41329494,100
2021-12-23,0.0036057401,0.2889893,0.28538355,100
2021-12-24,0.0018715257,0.30177042,0.2998989,100
2021-12-25,-0.28449517,0.18716756,0.4716627,100
2021-12-26,-0.11420543,0.23941605,0.35362148,100
2021-12-27,-0.030076852,0.30837646,0.3384533,100
2021-12-28,-0.09515108,0.2673673,0.3625184,100
2021-12-29,-0.11446286,0.31492436,0.4293872,100
2021-12-30,-0.12953007,0.24736151,0.37689155,100
2021-12-31,-0.13443492,0.27101782,0.40545276,100
2022-01-01,0.20190108,0.37830415,0.17640305,59
2022-01-02,0.119991474,0.32286605,0.20287459,100
2022-01-03,-0.04814823,0.29026103,0.33840927,100
2022-01-04,-0.12402817,0.28198516,0.40601334,100
2022-01-05,-0.03326689,0.36124566,0.39451256,100
2022-01-06,-0.14627263,0.24677882,0.39305145,100
2022-01-07,-0.07919331,0.30176008,0.38095337,100
2022-01-08,-0.13630942,0.25926244,0.39557186,100
2022-01-09,-0.10017946,0.29253566,0.3927151,100
2022-01-10,-0.3025583,0.20767775,0.510236,100
2022-01-11,0.14275579,0.39493737,0.25218156,100
2022-01-12,0.25329012,0.45972034,0.20643023,100
2022-01-13,0.27499917,0.45669368,0.18169452,100
2022-01-14,0.09297698,0.37583268,0.2828557,100
2022-01-15,-0.17078269,0.2647875,0.43557018,100
2022-01-16,-0.17371123,0.24302325,0.41673446,100
2022-01-17,0.21145315,0.45701477,0.24556161,100
2022-01-18,0.054971468,0.35143054,0.29645908,100
2022-01-19,0.07922229,0.36958355,0.2903613,100
2022-01-20,0.019764574,0.33719653,0.31743196,100
2022-01-21,0.14896885,0.4024473,0.25347844,100
2022-01-22,0.11250815,0.32708675,0.21457861,100
2022-01-23,0.100702874,0.28524402,0.1845411,100
2022-01-24,0.16401845,0.38079703,0.2167786,100
2022-01-25,0.1437284,0.40490082,0.2611724,100
2022-01-26,0.077347934,0.36118737,0.28383943,100
2022-01-27,0.13289122,0.3800635,0.2471723,100
2022-01-28,0.28296646,0.4958053,0.2128388,100
2022-01-29,0.10551851,0.32141265,0.21589415,100
2022-01-30,0.2682221,0.41563684,0.14741474,88
2022-01-31,0.3602671,0.50830466,0.14803755,100
2022-02-01,0.32496062,0.50067544,0.17571485,100
2022-02-02,0.15271562,0.4436726,0.290957,100
2022-02-03,0.28180656,0.46224102,0.1804345,100
2022-02-04,0.2373574,0.44157654,0.20421913,100
2022-02-05,0.056697927,0.31435388,0.25765598,100
2022-02-06,-0.032482672,0.22326542,0.2557481,100
2022-02-07,0.2608826,0.47878638,0.2179038,100
2022-02-08,0.21793346,0.4416554,0.22372192,100
2022-02-09,0.29447535,0.49562827,0.20115294,100
2022-02-10,0.14705007,0.3848551,0.23780502,100
2022-02-11,0.22285312,0.44377112,0.22091803,100
2022-02-12,0.21229343,0.37016532,0.1578719,100
2022-02-13,0.13012432,0.33151352,0.20138918,100
2022-02-14,0.1348096,0.38251644,0.24770683,100
2022-02-15,0.16040817,0.41145498,0.25104678,100
2022-02-16,0.28005058,0.47240612,0.19235556,100
2022-02-17,0.028072657,0.3757254,0.34765273,100
2022-02-18,0.021557245,0.3567779,0.3352207,100
2022-02-19,-0.17660148,0.1828206,0.3594221,61
2022-02-20,0.12715894,0.2530823,0.12592337,100
2022-02-21,0.37235248,0.5367227,0.16437025,100
2022-02-22,0.28400826,0.45651504,0.17250681,100
2022-02-23,0.07491526,0.35053268,0.27561742,100
2022-02-24,0.16989934,0.4063105,0.23641115,100
2022-02-25,0.19219814,0.40395555,0.21175739,100
2022-02-26,0.2787536,0.46742225,0.18866862,99
2022-02-27,0.0016642293,0.2809153,0.27925107,100
2022-02-28,0.13417345,0.3955747,0.26140127,100
2022-03-01,0.14293934,0.4438535,0.30091414,100
2022-03-02,0.058278948,0.38189292,0.323614,100
2022-03-03,0.10333847,0.38367736,0.28033888,100
2022-03-04,0.15463714,0.4098888,0.25525165,100
2022-03-05,0.14973174,0.35587138,0.20613964,97
2022-03-06,0.07518817,0.3005296,0.22534144,100
2022-03-07,0.086519316,0.39718133,0.31066197,100
2022-03-08,0.14115539,0.362747,0.2215916,100
2022-03-09,0.2647937,0.47654262,0.21174893,100
2022-03-10,0.20315617,0.45020172,0.24704556,100
2022-03-11,0.28092566,0.4557768,0.17485116,100
2022-03-12,0.2372448,0.36110637,0.12386157,92
2022-03-13,0.0991006,0.26799175,0.16889116,100
2022-03-14,0.038581595,0.3441672,0.30558562,100
2022-03-15,0.23443148,0.46624726,0.23181576,100
2022-03-16,0.3227871,0.5364084,0.21362133,100
2022-03-17,0.2779462,0.44739047,0.16944428,100
2022-03-18,0.1016278,0.352185,0.2505572,100
2022-03-19,0.003523509,0.26850083,0.26497734,100
2022-03-20,0.08022482,0.26722667,0.18700185,100
2022-03-21,0.32967776,0.4774417,0.14776395,100
2022-03-22,0.27049217,0.49866572,0.22817354,100
2022-03-23,-0.027835572,0.35447606,0.38231164,100
2022-03-24,0.2164039,0.4097726,0.1933687,100
2022-03-25,0.30135548,0.4824555,0.18109998,100
2022-03-26,0.13470644,0.358271,0.22356455,100
2022-03-27,0.2210229,0.3556997,0.13467675,100
2022-03-28,0.297539,0.4740691,0.17653011,100
2022-03-29,0.2124688,0.42364898,0.21118017,100
2022-03-30,0.1789161,0.42264977,0.24373366,100
2022-03-31,0.20692286,0.44442898,0.2375061,100
2022-04-01,0.14403117,0.3983431,0.25431195,100
2022-04-02,0.0014873493,0.3224389,0.32095155,100
2022-04-03,-0.0018844032,0.20247492,0.20435934,100
2022-04-04,0.16333511,0.45971385,0.29637873,100
2022-04-05,0.2838941,0.50129706,0.21740298,100
2022-04-06,0.13222776,0.40787885,0.27565107,100
2022-04-07,0.20645817,0.45695627,0.25049806,100
2022-04-08,0.11160368,0.4121006,0.30049694,100
2022-04-09,0.17737961,0.3742428,0.19686319,91
2022-04-10,0.032244805,0.23073885,0.19849405,100
2022-04-11,0.16925892,0.43398058,0.2647217,100
2022-04-12,0.11443455,0.39192685,0.2774923,100
2022-04-13,0.18233083,0.4404844,0.25815356,100
2022-04-14,0.2632863,0.43652564,0.17323937,100
2022-04-15,0.16436143,0.37812066,0.21375923,100
2022-04-16,0.13987955,0.35732415,0.21744457,50
2022-04-17,0.10310845,0.35882893,0.25572047,43
2022-04-18,0.173328,0.37098652,0.19765852,100
2022-04-19,0.21842717,0.44554576,0.22711861,100
2022-04-20,0.24192265,0.4223249,0.18040228,100
2022-04-21,-0.008184453,0.33892548,0.34710994,100
2022-04-22,0.042510066,0.382864,0.34035394,100
2022-04-23,0.12089473,0.3591238,0.23822908,100
2022-04-24,-0.009631694,0.2394897,0.2491214,100
2022-04-25,0.108831994,0.37447506,0.26564306,100
2022-04-26,0.065413594,0.36908802,0.3036744,100
2022-04-27,0.008164376,0.33553097,0.3273666,100
2022-04-28,0.09863619,0.40753254,0.30889633,100
2022-04-29,-0.040697325,0.32791045,0.3686078,100
2022-04-30,0.06935351,0.34786624,0.27851275,100
2022-05-01,-0.13483897,0.2889216,0.42376056,79
2022-05-02,0.052736543,0.33911368,0.28637713,100
2022-05-03,0.15795134,0.41539824,0.2574469,100
2022-05-04,0.25602385,0.50324327,0.24721947,100
2022-05-05,0.17021424,0.45389062,0.2836764,100
2022-05-06,0.09612704,0.4057241,0.30959705,100
2022-05-07,0.19365245,0.35960788,0.16595545,100
2022-05-08,0.12951209,0.34895402,0.21944194,100
2022-05-09,0.11001944,0.42801583,0.31799638,100
2022-05-10,0.16259491,0.41097572,0.24838081,100
2022-05-11,0.13838214,0.40371054,0.26532844,100
2022-05-12,0.011622939,0.33353916,0.32191622,100
2022-05-13,0.12987027,0.39870292,0.26883265,100
2022-05-14,0.094704755,0.3396016,0.24489686,81
2022-05-15,0.062010627,0.26238027,0.20036964,100
2022-05-16,0.19454311,0.4177856,0.22324249,100
2022-05-17,0.3080393,0.5218413,0.21380198,100
2022-05-18,0.13186091,0.41108727,0.27922636,100
2022-05-19,0.12493133,0.42416337,0.29923204,100
2022-05-20,0.07603149,0.35612297,0.28009146,100
2022-05-21,0.13460547,0.34532347,0.21071802,100
2022-05-22,0.13488996,0.32039413,0.18550417,100
2022-05-23,0.051871978,0.35725743,0.30538544,100
2022-05-24,0.039037716,0.39909264,0.36005494,100
2022-05-25,0.22512951,0.44725382,0.22212432,100
2022-05-26,0.012377904,0.324443,0.3120651,100
2022-05-27,0.16258596,0.4353458,0.27275985,100
2022-05-28,0.14702986,0.39202094,0.24499106,70
2022-05-29,0.07158232,0.27535418,0.20377186,100
2022-05-30,0.26454833,0.47251824,0.20796993,100
2022-05-31,0.15868635,0.38847396,0.22978762,100
2022-06-01,0.21062715,0.45749912,0.24687196,100
2022-06-02,0.08734452,0.36164448,0.27429998,100
2022-06-03,0.18811871,0.43883497,0.25071624,100
2022-06-04,0.030810887,0.32188663,0.29107574,100
2022-06-05,0.09325799,0.31346363,0.22020563,100
2022-06-06,0.21235894,0.43964943,0.22729051,100
2022-06-07,0.10267244,0.3760444,0.27337196,100
2022-06-08,0.12182129,0.4185442,0.29672292,100
2022-06-09,0.0073027816,0.31370023,0.3063974,100
2022-06-10,0.12360303,0.3563566,0.23275355,100
2022-06-11,0.117633164,0.31043267,0.19279952,100
2022-06-12,0.014429587,0.26897153,0.25454193,100
2022-06-13,-0.14850956,0.24909046,0.39760002,100
2022-06-14,0.13797046,0.38903302,0.25106257,100
2022-06-15,0.15868948,0.42603463,0.26734513,100
2022-06-16,-0.1277845,0.31727454,0.44505906,100
2022-06-17,0.14145045,0.3900478,0.24859735,100
2022-06-18,0.08340696,0.29570413,0.21229716,96
2022-06-19,0.051098656,0.28215155,0.23105289,100
2022-06-20,0.33012924,0.5107395,0.18061024,100
2022-06-21,0.21740343,0.48213017,0.26472673,100
2022-06-22,0.24393068,0.45584178,0.21191113,100
2022-06-23,0.08914267,0.36158916,0.2724465,100
2022-06-24,0.120525554,0.39412045,0.2735949,100
2022-06-25,0.03030999,0.3219592,0.29164922,100
2022-06-26,0.13050264,0.3503652,0.21986254,100
2022-06-27,0.24512886,0.44682682,0.20169796,100
2022-06-28,0.09277818,0.3881647,0.29538655,100
2022-06-29,0.054088682,0.39830467,0.344216,100
2022-06-30,-0.008126687,0.3316424,0.33976907,100
2022-07-01,0.05957015,0.33203873,0.27246857,100
2022-07-02,0.0839875,0.3527125,0.268725,100
2022-07-03,0.049816836,0.2578576,0.20804076,100
2022-07-04,0.11358083,0.43051016,0.31692937,100
2022-07-05,0.024512187,0.391312,0.3667998,100
2022-07-06,0.20422468,0.4342738,0.23004909,100
2022-07-07,0.25983012,0.44195977,0.18212965,100
2022-07-08,0.24673611,0.48674598,0.24000987,100
2022-07-09,0.11623211,0.36762965,0.25139755,74
2022-07-10,-0.081739254,0.24658832,0.3283276,100
2022-07-11,0.1303464,0.39765573,0.2673093,100
2022-07-12,0.1003382,0.3955223,0.2951841,100
2022-07-13,0.06788993,0.38786823,0.31997833,100
2022-07-14,0.17058106,0.39315063,0.22256958,100
2022-07-15,0.2126345,0.39649373,0.18385923,100
2022-07-16,0.09650115,0.3717512,0.27525002,72
2022-07-17,0.19963,0.4652353,0.26560527,100
2022-07-18,0.13836743,0.41557267,0.27720526,100
2022-07-19,0.026830774,0.37093297,0.34410217,100
2022-07-20,0.2426023,0.45561802,0.21301574,100
2022-07-21,0.04447763,0.34578264,0.301305,100
2022-07-22,0.022249974,0.355785,0.33353508,100
2022-07-23,0.05711206,0.2797863,0.22267422,100
2022-07-24,0.060690545,0.28896895,0.22827838,100
2022-07-25,0.08888879,0.38915598,0.30026722,100
2022-07-26,0.100347444,0.3796085,0.27926105,100
2022-07-27,0.08273078,0.40705758,0.32432678,100
2022-07-28,0.058033336,0.37719658,0.31916323,100
2022-07-29,0.21595682,0.4638874,0.24793057,100
2022-07-30,0.11649077,0.383965,0.26747426,100
2022-07-31,0.115371086,0.3968445,0.28147343,100
2022-08-01,0.16029698,0.41171256,0.2514156,100
2022-08-02,0.016192352,0.33197936,0.31578702,100
2022-08-03,0.23273863,0.44028032,0.20754167,100
2022-08-04,0.17411572,0.4027962,0.22868048,100
2022-08-05,0.19209813,0.39408833,0.2019902,100
2022-08-06,0.16924192,0.36215085,0.19290891,100
2022-08-07,0.05472114,0.26695243,0.21223131,100
2022-08-08,0.20728245,0.4724701,0.26518765,100
2022-08-09,0.013432941,0.3440136,0.33058068,100
2022-08-10,0.30244243,0.48952475,0.18708235,100
2022-08-11,0.103987314,0.35569367,0.25170636,100
2022-08-12,0.2715774,0.44244298,0.17086558,100
2022-08-13,0.1437621,0.39173165,0.24796955,100
2022-08-14,0.15682383,0.34729344,0.1904696,100
2022-08-15,0.20857291,0.42739856,0.21882564,100
2022-08-16,0.11586972,0.39933777,0.28346807,100
2022-08-17,0.1406499,0.38723794,0.24658804,100
2022-08-18,0.15058853,0.41280654,0.26221803,100
2022-08-19,0.25167054,0.45101416,0.19934362,100
2022-08-20,0.17783394,0.36185753,0.18402359,100
2022-08-21,0.14335398,0.3747747,0.23142073,100
2022-08-22,-0.09402455,0.2755624,0.36958694,100
2022-08-23,0.13205837,0.37407014,0.24201174,100
2022-08-24,0.11160411,0.4021765,0.2905724,100
2022-08-25,0.13146791,0.37747332,0.24600545,100
2022-08-26,0.08919232,0.37172002,0.2825277,100
2022-08-27,0.14720383,0.30658832,0.1593845,100
2022-08-28,0.006750877,0.25005233,0.24330147,100
2022-08-29,0.14702731,0.39457786,0.24755055,100
2022-08-30,0.08496608,0.35577783,0.27081174,100
2022-08-31,-0.015408571,0.3107602,0.32616875,100
2022-09-01,-0.07110881,0.2839528,0.35506162,100
2022-09-02,0.111628294,0.3798798,0.2682515,100
2022-09-03,0.03852816,0.27972615,0.24119799,100
2022-09-04,0.1848608,0.3211342,0.13627343,100
2022-09-05,0.21446134,0.3783384,0.16387706,100
2022-09-06,0.015742341,0.35934547,0.34360313,100
2022-09-07,0.031418785,0.3214901,0.2900713,100
2022-09-08,-0.086259775,0.29010606,0.3763658,100
2022-09-09,0.332878,0.49525884,0.16238083,100
2022-09-10,0.16909109,0.36476657,0.19567549,100
2022-09-11,0.011144607,0.25593,0.24478538,100
2022-09-12,0.04988582,0.3108419,0.26095605,100
2022-09-13,0.062767714,0.3416893,0.27892157,100
2022-09-14,0.14787526,0.3944716,0.24659629,100
2022-09-15,-0.06639316,0.32912585,0.39551902,100
2022-09-16,0.17901047,0.39091977,0.2119093,100
2022-09-17,0.12149984,0.332183,0.21068315,100
2022-09-18,-0.008114984,0.24102983,0.24914482,100
2022-09-19,-0.0038303619,0.31261766,0.31644803,100
2022-09-20,0.13078938,0.4225542,0.29176483,100
2022-09-21,0.15946133,0.42146933,0.262008,100
2022-09-22,0.03341344,0.3319103,0.29849687,100
2022-09-23,-0.09120144,0.28479862,0.37600005,100
2022-09-24,0.108984515,0.27443597,0.16545145,100
2022-09-25,-0.14091003,0.22635296,0.367263,100
2022-09-26,-0.0011141455,0.33134177,0.3324559,100
2022-09-27,-0.119404316,0.23098926,0.3503936,100
2022-09-28,-0.26263857,0.23685606,0.49949464,100
2022-09-29,-0.13762231,0.25615108,0.39377335,100
2022-09-30,0.040590886,0.34924516,0.30865425,100
2022-10-01,0.13429184,0.32070962,0.18641776,100
2022-10-02,0.026526883,0.33507848,0.3085516,100
2022-10-03,0.10210136,0.38553604,0.28343466,100
2022-10-04,0.17084959,0.4110522,0.2402026,100
2022-10-05,0.053929128,0.32751587,0.27358678,100
2022-10-06,-0.0042920215,0.33350703,0.33779907,100
2022-10-07,-0.15478282,0.29119503,0.44597787,100
2022-10-08,0.011648929,0.29751062,0.2858617,100
2022-10-09,0.107162565,0.2980106,0.19084801,100
2022-10-10,0.010547864,0.3333729,0.322825,100
2022-10-11,-0.010380144,0.33037582,0.340756,100
2022-10-12,0.12179801,0.37002125,0.24822323,100
2022-10-13,-0.009199134,0.33403596,0.3432351,100
2022-10-14,0.038101885,0.33700767,0.29890582,100
2022-10-15,0.069529936,0.30869988,0.23916993,100
2022-10-16,-0.07359234,0.27602983,0.34962216,100
2022-10-17,0.171857,0.43445712,0.26260012,100
2022-10-18,0.05175694,0.35462648,0.3028695,100
2022-10-19,0.057803992,0.37496567,0.31716165,100
2022-10-20,0.11966617,0.38621834,0.26655215,100
2022-10-21,0.042319946,0.3160364,0.27371648,100
2022-10-22,0.055212162,0.30076545,0.2455533,100
2022-10-23,0.23876892,0.41017568,0.17140675,100
2022-10-24,0.110344365,0.3543587,0.24401434,100
2022-10-25,0.09912971,0.39718297,0.29805326,100
2022-10-26,0.03191092,0.37952507,0.34761414,100
2022-10-27,0.06506699,0.37510532,0.31003836,100
2022-10-28,0.11636481,0.4443259,0.3279611,100
2022-10-29,0.15358645,0.34739953,0.1938131,100
2022-10-30,0.035509642,0.39859012,0.36308047,100
2022-10-31,0.044817276,0.41647395,0.3716567,100
2022-11-01,0.0064317393,0.37827277,0.37184104,100
2022-11-02,0.15204647,0.37283993,0.22079344,100
2022-11-03,0.074077904,0.39355344,0.31947553,100
2022-11-04,0.21226522,0.4621514,0.24988617,100
2022-11-05,0.13621046,0.31040466,0.17419419,100
2022-11-06,0.10493846,0.2878985,0.18296003,100
2022-11-07,0.11955593,0.3970296,0.2774737,100
2022-11-08,0.19439535,0.45941514,0.26501977,100
2022-11-09,0.028258855,0.34841883,0.32016,100
2022-11-10,0.035928007,0.3558821,0.3199541,100
2022-11-11,0.22951521,0.44502503,0.21550983,100
2022-11-12,0.15699674,0.3664231,0.20942636,99
2022-11-13,0.2627969,0.40345374,0.14065684,100
2022-11-14,0.15459101,0.42392606,0.26933503,100
2022-11-15,0.11805636,0.40225133,0.28419498,100
2022-11-16,0.088247865,0.36746934,0.27922148,100
2022-11-17,0.02889169,0.33178905,0.30289736,100
2022-11-18,0.1628913,0.35805348,0.19516218,100
2022-11-19,0.05657944,0.33064383,0.27406442,100
2022-11-20,0.06695965,0.30254418,0.23558453,100
2022-11-21,0.122510284,0.35742053,0.23491026,100
2022-11-22,0.17580351,0.41031075,0.23450723,100
2022-11-23,0.06703488,0.3194164,0.2523815,100
2022-11-24,0.24278353,0.4204232,0.1776397,100
2022-11-25,0.18086565,0.40086502,0.21999937,100
2022-11-26,0.056017183,0.26700145,0.21098426,95
2022-11-27,-0.0030152344,0.279689,0.28270426,100
2022-11-28,-0.08701617,0.31721234,0.4042285,100
2022-11-29,0.08846076,0.33523944,0.24677868,100
2022-11-30,0.112243116,0.41391242,0.3016693,100
2022-12-01,0.033613607,0.29112732,0.25751373,100
2022-12-02,0.03893799,0.30933407,0.2703961,100
2022-12-03,0.08295465,0.30028957,0.21733493,100
2022-12-04,0.09603174,0.3455297,0.24949796,100
2022-12-05,0.099838644,0.32372403,0.2238854,100
2022-12-06,0.10319165,0.3535329,0.25034124,100
2022-12-07,-0.09453808,0.2639343,0.3584724,100
2022-12-08,0.1700385,0.36392775,0.19388928,100
2022-12-09,0.21584122,0.36021557,0.14437433,100
2022-12-10,-0.006785602,0.2637074,0.270493,100
2022-12-11,0.11802861,0.35120934,0.23318075,100
2022-12-12,0.24788399,0.42882955,0.18094555,100
2022-12-13,0.22644137,0.40849128,0.1820499,100
2022-12-14,0.059394497,0.34155792,0.28216344,100
2022-12-15,0.004404263,0.30986646,0.30546218,100
2022-12-16,0.05671828,0.32499227,0.26827395,100
2022-12-17,0.20195234,0.42329693,0.22134459,100
2022-12-18,0.0036208697,0.3303695,0.3267486,100
2022-12-19,0.09481962,0.31664106,0.22182144,100
2022-12-20,0.046284042,0.2966863,0.25040224,100
2022-12-21,0.2069681,0.4091347,0.2021666,100
2022-12-22,-0.07610965,0.26528674,0.34139642,100
2022-12-23,-0.01873305,0.2980142,0.31674725,100
2022-12-24,0.16303913,0.3087479,0.14570878,94
2022-12-25,0.13160062,0.27223426,0.14063366,71
2022-12-26,0.036701277,0.30437616,0.2676749,100
2022-12-27,-0.019846585,0.27377173,0.29361832,100
2022-12-28,-0.03574313,0.28640237,0.3221455,100
2022-12-29,0.1308541,0.3140562,0.18320207,100
2022-12-30,0.01407264,0.32947013,0.3153975,100
2022-12-31,0.121509515,0.36260957,0.24110006,100
2023-01-01,0.008946116,0.34632352,0.3373774,70
2023-01-02,0.08452453,0.28111017,0.19658561,100
2023-01-03,0.046902504,0.32654572,0.2796432,100
2023-01-04,0.07319362,0.34496745,0.27177384,100
2023-01-05,0.056653243,0.2892343,0.23258106,100
2023-01-06,0.042930346,0.34193048,0.29900014,100
2023-01-07,0.0738505,0.26359418,0.1897437,100
2023-01-08,0.044008337,0.20290567,0.15889734,100
2023-01-09,0.12638071,0.40123507,0.27485436,100
2023-01-10,0.14350475,0.36691108,0.22340636,100
2023-01-11,0.12266806,0.37456647,0.25189838,100
2023-01-12,0.13463329,0.34337574,0.20874242,100
2023-01-13,0.21346003,0.41156256,0.19810255,100
2023-01-14,0.29587352,0.3889791,0.0931056,100
2023-01-15,0.045827445,0.23658484,0.1907574,100
2023-01-16,0.24358504,0.39800203,0.154417,100
2023-01-17,0.19497287,0.40044972,0.20547685,100
2023-01-18,0.1463108,0.3848047,0.23849387,100
2023-01-19,-0.0003528224,0.29432616,0.294679,100
2023-01-20,0.09691201,0.31422988,0.21731785,100
2023-01-21,0.040848054,0.30111718,0.26026914,100
2023-01-22,0.104052216,0.30253845,0.19848624,100
2023-01-23,0.15252219,0.35089087,0.19836868,100
2023-01-24,0.046472214,0.29699507,0.25052288,100
2023-01-25,-0.14385971,0.27274495,0.4166047,100
2023-01-26,0.05413959,0.30599687,0.25185728,100
2023-01-27,0.111246005,0.32209313,0.21084712,100
2023-01-28,0.12922156,0.34907657,0.21985503,100
2023-01-29,0.0032294076,0.3146091,0.3113797,100
2023-01-30,0.029247895,0.3235611,0.2943132,100
2023-01-31,0.15243071,0.3887999,0.23636918,100
2023-02-01,-0.029269822,0.28092638,0.3101962,100
2023-02-02,0.034208614,0.3152291,0.28102046,100
2023-02-03,-0.06413393,0.30804828,0.3721822,100
2023-02-04,-0.07355408,0.30872798,0.38228208,100
2023-02-05,0.052115183,0.3299787,0.27786353,100
2023-02-06,0.098202325,0.32592216,0.22771984,100
2023-02-07,0.18602236,0.38875023,0.20272787,100
2023-02-08,0.17098285,0.40208992,0.23110704,100
2023-02-09,-0.035255294,0.31322682,0.3484821,100
2023-02-10,0.015358452,0.3169942,0.30163574,100
2023-02-11,0.1795037,0.3900969,0.21059322,100
2023-02-12,0.08107007,0.25770706,0.17663698,100
2023-02-13,0.1393372,0.37491268,0.23557547,100
2023-02-14,0.031750083,0.34778106,0.31603098,100
2023-02-15,0.064019926,0.36007267,0.29605272,100
2023-02-16,0.17839693,0.40450495,0.22610803,100
2023-02-17,0.045463335,0.31976742,0.2743041,100
2023-02-18,0.09283543,0.27723533,0.1843999,100
2023-02-19,0.17269497,0.29890287,0.12620789,100
2023-02-20,0.027196653,0.29855078,0.2713541,100
2023-02-21,-0.006234341,0.32539272,0.33162707,100
2023-02-22,0.17168018,0.39988235,0.22820215,100
2023-02-23,0.04230316,0.28945172,0.24714856,100
2023-02-24,0.02896462,0.33549312,0.30652848,100
2023-02-25,0.15712164,0.30422342,0.14710179,100
2023-02-26,0.1273228,0.21626955,0.08894675,100
2023-02-27,0.040206514,0.35759625,0.31738973,100
2023-02-28,-0.026917825,0.27994296,0.30686077,100
2023-03-01,0.08280757,0.31558076,0.23277318,100
2023-03-02,0.08298717,0.32750073,0.24451357,100
2023-03-03,0.25257242,0.4436282,0.19105577,100
2023-03-04,0.1048361,0.33561504,0.23077895,100
2023-03-05,0.22486025,0.32143304,0.09657275,100
2023-03-06,0.11650859,0.37484363,0.25833502,100
2023-03-07,0.111098535,0.33943805,0.22833952,100
2023-03-08,0.23920986,0.39388946,0.15467963,100
2023-03-09,0.115377225,0.34287938,0.22750214,100
2023-03-10,0.0055669164,0.2767407,0.27117378,100
2023-03-11,-0.018992417,0.23999342,0.25898585,100
2023-03-12,-0.048293706,0.23077033,0.27906406,100
2023-03-13,0.14939256,0.3902453,0.24085274,100
2023-03-14,0.24790607,0.43553776,0.18763167,100
2023-03-15,0.14007516,0.38415948,0.2440843,100
2023-03-16,-0.01797034,0.2767869,0.29475725,100
2023-03-17,0.100072384,0.33201995,0.23194757,100
2023-03-18,0.123393334,0.3144445,0.19105119,100
2023-03-19,0.111701585,0.27217174,0.16047014,100
2023-03-20,-0.00059634267,0.293296,0.29389235,100
2023-03-21,0.10074176,0.37619022,0.27544844,100
2023-03-22,0.07846666,0.3122443,0.23377761,100
2023-03-23,0.10942194,0.32637513,0.2169532,100
2023-03-24,0.20112656,0.3647543,0.16362771,100
2023-03-25,0.18305011,0.31819132,0.13514121,100
2023-03-26,0.22449724,0.36154452,0.13704728,100
2023-03-27,0.043420386,0.29948416,0.25606376,100
2023-03-28,0.11347637,0.2910685,0.17759213,100
2023-03-29,0.1239285,0.36007133,0.23614283,100
2023-03-30,0.11868403,0.33389458,0.21521056,100
2023-03-31,0.08510733,0.3101968,0.22508948,100
2023-04-01,0.18124467,0.32625526,0.14501056,100
2023-04-02,0.077991754,0.23623453,0.15824278,100
2023-04-03,0.13378997,0.3510532,0.21726324,100
2023-04-04,0.028519887,0.28214252,0.25362265,100
2023-04-05,-0.009665273,0.32637012,0.33603537,100
2023-04-06,0.10159258,0.34646988,0.24487728,100
2023-04-07,0.024201486,0.26113522,0.23693372,100
2023-04-08,0.17804009,0.35331094,0.17527086,100
2023-04-09,0.10130323,0.220348,0.11904477,100
2023-04-10,0.018678742,0.2628756,0.24419683,100
2023-04-11,0.07667018,0.34434596,0.2676758,100
2023-04-12,0.04337892,0.32093453,0.2775556,100
2023-04-13,0.07142732,0.31762952,0.24620219,100
2023-04-14,0.18852697,0.3852149,0.19668792,100
2023-04-15,0.110584505,0.32928085,0.21869634,100
2023-04-16,0.16339438,0.33772546,0.17433107,100
2023-04-17,0.05181593,0.32716015,0.27534425,100
2023-04-18,0.16706707,0.39982098,0.23275393,100
2023-04-19,0.07901833,0.3510282,0.27200988,100
2023-04-20,-0.10652003,0.22950783,0.33602783,100
2023-04-21,-0.022823669,0.32028577,0.34310943,100
2023-04-22,-0.03729606,0.25992984,0.29722586,100
2023-04-23,0.02002437,0.24992032,0.22989595,100
2023-04-24,0.10798379,0.3304727,0.22248892,100
2023-04-25,0.03473043,0.3021647,0.2674343,100
2023-04-26,-0.046877746,0.25716943,0.30404717,100
2023-04-27,0.018910147,0.3049125,0.28600237,100
2023-04-28,0.01985978,0.3545531,0.3346933,100
2023-04-29,0.060680643,0.30006078,0.23938015,100
2023-04-30,0.11234482,0.3036993,0.1913545,100
2023-05-01,0.021332985,0.305545,0.28421202,100
2023-05-02,0.079902224,0.38326532,0.30336308,100
2023-05-03,-0.029247558,0.2776038,0.30685136,100
2023-05-04,-0.10354209,0.27286634,0.37640846,100
2023-05-05,0.36870503,0.55302936,0.18432432,100
2023-05-06,0.21886462,0.44764033,0.22877571,100
2023-05-07,0.11397246,0.30657655,0.19260411,100
2023-05-08,0.28136882,0.49212447,0.21075565,100
2023-05-09,0.0012415404,0.2867351,0.28549352,100
2023-05-10,0.2078572,0.4019556,0.1940984,100
2023-05-11,0.09174517,0.3600008,0.26825562,100
2023-05-12,0.06610994,0.32043567,0.25432572,100
2023-05-13,0.14222088,0.3385767,0.19635582,100
2023-05-14,0.11201848,0.25693208,0.14491358,100
2023-05-15,0.06940177,0.27363032,0.20422855,100
2023-05-16,0.15275688,0.40240434,0.24964744,100
2023-05-17,0.1113618,0.33007407,0.21871229,100
2023-05-18,0.14709507,0.3519287,0.20483364,100
2023-05-19,0.10621247,0.36086613,0.25465366,100
2023-05-20,0.0072398144,0.2815666,0.27432677,100
2023-05-21,0.16760913,0.31857297,0.15096386,100
2023-05-22,0.091696255,0.34197852,0.25028226,100
2023-05-23,0.14240079,0.38061473,0.23821394,100
2023-05-24,-0.08950161,0.23720594,0.32670754,100
2023-05-25,0.046727873,0.33342037,0.2866925,100
2023-05-26,0.1207678,0.36144298,0.24067518,100
2023-05-27,0.12424241,0.29030094,0.16605853,100
2023-05-28,0.23560277,0.38433284,0.1487301,100
2023-05-29,0.27828303,0.41516334,0.13688031,100
2023-05-30,0.14139993,0.3854876,0.24408764,100
2023-05-31,-0.1252852,0.23836423,0.3636494,100
2023-06-01,0.0052199457,0.3091117,0.30389178,100
2023-06-02,0.163705,0.37576354,0.21205856,100
2023-06-03,0.21082613,0.36418584,0.15335971,100
2023-06-04,0.04761373,0.31549117,0.26787743,100
2023-06-05,0.19082308,0.39844906,0.20762599,100
2023-06-06,0.17062543,0.3826269,0.21200144,100
2023-06-07,0.19359827,0.31149602,0.11789776,100
2023-06-08,0.12673257,0.32500598,0.1982734,100
2023-06-09,0.23899442,0.3968904,0.157896,100
2023-06-10,0.13712601,0.3022413,0.16511528,100
2023-06-11,0.10007328,0.2710096,0.17093632,100
2023-06-12,0.1815636,0.35257983,0.17101626,100
2023-06-13,0.27766693,0.40346777,0.12580088,100
2023-06-14,0.23113585,0.39976323,0.1686274,100
2023-06-15,0.2551855,0.43789235,0.18270679,100
2023-06-16,0.24483784,0.41058162,0.16574378,100
2023-06-17,0.036342364,0.23524727,0.19890492,100
2023-06-18,0.19146843,0.33988777,0.14841934,100
2023-06-19,0.26386872,0.42765644,0.16378771,100
2023-06-20,0.1346124,0.3540915,0.21947908,100
2023-06-21,0.1760384,0.35340932,0.17737094,100
2023-06-22,0.027753172,0.29455644,0.26680323,100
2023-06-23,0.14158858,0.3335183,0.19192973,100
2023-06-24,0.21745823,0.30380046,0.086342245,100
2023-06-25,0.16311316,0.34311032,0.17999718,100
2023-06-26,0.102906704,0.34937534,0.24646863,100
2023-06-27,0.22622295,0.4034988,0.17727585,100
2023-06-28,0.2639491,0.43111587,0.16716675,100
2023-06-29,0.0836929,0.3359074,0.25221452,100
2023-06-30,0.2365007,0.43589988,0.19939919,100
2023-07-01,0.061995164,0.23067366,0.16867849,100
2023-07-02,0.22663364,0.33274716,0.1061135,100
2023-07-03,0.028240256,0.3136347,0.28539443,100
2023-07-04,0.3428474,0.44513494,0.10228752,100
2023-07-05,0.22153127,0.39149445,0.16996317,100
2023-07-06,0.051134005,0.3501824,0.29904842,100
2023-07-07,0.15693368,0.3251775,0.16824381,100
2023-07-08,0.26060858,0.35871166,0.09810307,100
2023-07-09,0.1382994,0.3293458,0.19104639,100
2023-07-10,0.22029285,0.3943307,0.17403784,100
2023-07-11,0.09232723,0.2881218,0.19579454,100
2023-07-12,0.15809189,0.39403698,0.23594509,100
2023-07-13,0.24787936,0.39602706,0.14814773,100
2023-07-14,0.24306722,0.40258962,0.1595224,100
2023-07-15,0.2198891,0.3172818,0.09739269,100
2023-07-16,0.16409113,0.31824142,0.1541503,100
2023-07-17,0.11634652,0.34124175,0.22489525,100
2023-07-18,0.16257103,0.37852535,0.21595432,100
2023-07-19,0.0028441583,0.2842486,0.28140444,100
2023-07-20,0.17150915,0.4289491,0.25743994,100
2023-07-21,0.1392096,0.3197052,0.1804956,100
2023-07-22,0.12431557,0.35657093,0.23225534,100
2023-07-23,0.23077357,0.3569761,0.12620252,100
2023-07-24,0.09648265,0.2981578,0.20167519,100
2023-07-25,0.06391363,0.30577445,0.24186082,100
2023-07-26,0.078164175,0.31980103,0.24163684,100
2023-07-27,0.122009516,0.33229485,0.21028537,100
2023-07-28,0.17875372,0.3721451,0.19339138,100
2023-07-29,0.28016126,0.41497138,0.13481015,100
2023-07-30,0.18670115,0.35903427,0.17233315,100
2023-07-31,0.22329466,0.4186852,0.19539052,100
2023-08-01,-0.05179046,0.28048137,0.33227184,100
2023-08-02,-0.0158764,0.3247088,0.34058517,100
2023-08-03,-0.10010734,0.27006835,0.37017572,100
2023-08-04,-0.03452177,0.34319198,0.37771374,100
2023-08-05,0.07808817,0.3202299,0.24214171,100
2023-08-06,0.015485273,0.28225166,0.26676637,100
2023-08-07,-0.0057237516,0.2822593,0.28798303,100
2023-08-08,0.19369724,0.4051837,0.21148649,100
2023-08-09,0.11030557,0.38835168,0.2780461,100
2023-08-10,0.19251962,0.41691253,0.22439294,100
2023-08-11,0.048443574,0.3290824,0.2806388,100
2023-08-12,0.09041596,0.2218418,0.13142583,100
2023-08-13,0.15012124,0.3065963,0.15647505,100
2023-08-14,-0.005010805,0.31439897,0.31940976,100
2023-08-15,0.039048992,0.27084857,0.23179956,100
2023-08-16,0.12395504,0.34473854,0.22078352,100
2023-08-17,0.028102927,0.3416724,0.3135695,100
2023-08-18,-0.11530519,0.24978381,0.365089,100
2023-08-19,0.19641568,0.36204517,0.16562948,100
2023-08-20,0.28459916,0.3998566,0.11525748,100
2023-08-21,0.19939014,0.39748615,0.198096,100
2023-08-22,0.20942883,0.3894358,0.18000698,100
2023-08-23,0.08361056,0.33313265,0.24952209,100
2023-08-24,-0.15513168,0.23813549,0.39326718,100
2023-08-25,0.008471191,0.30148923,0.29301804,100
2023-08-26,0.28331307,0.41826794,0.13495487,100
2023-08-27,0.09725662,0.2890375,0.19178087,100
2023-08-28,0.23990902,0.41043526,0.17052624,100
2023-08-29,0.1483104,0.35194114,0.20363078,100
2023-08-30,0.21987538,0.4216478,0.20177244,100
2023-08-31,0.05049751,0.3176281,0.26713058,100
2023-09-01,0.17139266,0.36120674,0.18981408,100
2023-09-02,0.103948586,0.340522,0.23657341,100
2023-09-03,0.25144646,0.41791156,0.1664651,100
2023-09-04,0.27467206,0.39289117,0.1182191,100
2023-09-05,0.06735793,0.32157707,0.25421914,100
2023-09-06,-0.121555835,0.28093594,0.4024918,100
2023-09-07,-0.16349818,0.25004348,0.41354164,100
2023-09-08,-0.09596517,0.3184346,0.41439974,100
2023-09-09,0.21163355,0.42565426,0.21402071,100
2023-09-10,0.2086368,0.4427546,0.2341178,100
2023-09-11,0.14524914,0.37432662,0.22907747,100
2023-09-12,-0.02249968,0.28122607,0.30372575,100
2023-09-13,0.07508785,0.37669265,0.3016048,100
2023-09-14,0.15328282,0.4050687,0.25178587,100
2023-09-15,-0.027238725,0.32031563,0.34755436,100
2023-09-16,0.2832149,0.40746024,0.12424537,100
2023-09-17,0.33946097,0.46699923,0.12753823,100
2023-09-18,0.037863307,0.31336927,0.27550596,100
2023-09-19,0.19506188,0.41237098,0.21730909,100
2023-09-20,0.09682545,0.35643137,0.2596059,100
2023-09-21,-0.027197784,0.28577054,0.31296834,100
2023-09-22,0.21665643,0.44726613,0.23060967,100
2023-09-23,0.19756386,0.42524865,0.22768478,100
2023-09-24,0.169462,0.40866652,0.23920454,100
2023-09-25,0.10060842,0.3348112,0.2342028,100
2023-09-26,-0.11365864,0.27470365,0.38836232,100
2023-09-27,-0.021064358,0.28799954,0.3090639,100
2023-09-28,-0.02623708,0.3173141,0.3435512,100
2023-09-29,0.12693931,0.37602177,0.24908245,100
2023-09-30,0.08477442,0.37712127,0.29234686,100
2023-10-01,0.09506404,0.3669575,0.27189344,100
2023-10-02,-0.058745574,0.2866487,0.34539425,100
2023-10-03,-0.027452685,0.31660756,0.34406024,100
2023-10-04,0.08598666,0.35807782,0.27209115,100
2023-10-05,-0.0745023,0.27226788,0.34677017,100
2023-10-06,0.049916524,0.33976758,0.28985104,100
2023-10-07,0.39156365,0.5087048,0.117141135,100
2023-10-08,-0.18406811,0.27589312,0.45996124,100
2023-10-09,-0.054408923,0.27140847,0.3258174,100
2023-10-10,0.07708179,0.33320636,0.25612456,100
2023-10-11,0.041639537,0.3687015,0.32706195,100
2023-10-12,0.09529302,0.36391985,0.26862687,100
2023-10-13,0.11967724,0.3688801,0.24920286,100
2023-10-14,-0.118487194,0.3067223,0.4252095,100
2023-10-15,-2.0371675e-05,0.31944752,0.3194679,100
2023-10-16,-0.004060962,0.32422492,0.32828587,100
2023-10-17,0.12718312,0.33537194,0.20818882,100
2023-10-18,-0.05773962,0.2798727,0.3376123,100
2023-10-19,-0.06140009,0.25523728,0.3166374,100
2023-10-20,0.10231192,0.31673422,0.2144223,100
2023-10-21,0.05390245,0.26220998,0.20830753,100
2023-10-22,-0.12784627,0.22754355,0.35538983,100
2023-10-23,0.11444983,0.32751366,0.21306384,100
2023-10-24,-0.0100093605,0.30569324,0.31570262,100
2023-10-25,0.10794162,0.3668766,0.258935,100
2023-10-26,0.050554503,0.29252642,0.24197191,100
2023-10-27,0.064633615,0.3450723,0.28043866,100
2023-10-28,0.20526724,0.3565958,0.15132856,100
2023-10-29,0.18991537,0.36604014,0.1761248,100
2023-10-30,0.1448905,0.37307328,0.22818275,100
2023-10-31,0.0990562,0.3612332,0.26217702,100
2023-11-01,0.14007418,0.3814645,0.24139032,100
2023-11-02,0.18844283,0.40932584,0.22088298,100
2023-11-03,-0.10104933,0.25449273,0.35554206,100
2023-11-04,0.33212855,0.51400584,0.18187729,100
2023-11-05,0.12241489,0.35944024,0.23702535,100
2023-11-06,0.16272211,0.38223243,0.2195103,100
2023-11-07,0.081146315,0.33779323,0.25664693,100
2023-11-08,0.043529063,0.3079427,0.26441363,100
2023-11-09,0.10714036,0.318267,0.21112661,100
2023-11-10,0.11268823,0.30472243,0.1920342,100
2023-11-11,-0.24847119,0.1830389,0.4315101,100
2023-11-12,0.07101684,0.34665504,0.2756382,100
2023-11-13,0.067435786,0.31139222,0.24395645,100
2023-11-14,0.16982602,0.35433915,0.18451314,100
2023-11-15,0.21679527,0.40363207,0.18683681,100
2023-11-16,0.054013666,0.28181115,0.22779746,100
2023-11-17,-0.05952077,0.2617852,0.32130596,100
2023-11-18,0.30027938,0.433813,0.13353364,100
2023-11-19,-0.048939086,0.26180837,0.31074744,100
2023-11-20,-0.0070718504,0.2816601,0.28873193,100
2023-11-21,0.11551197,0.35142726,0.2359153,100
2023-11-22,0.18385214,0.38526306,0.2014109,100
2023-11-23,0.23128557,0.4221518,0.1908662,100
2023-11-24,0.24619137,0.36810684,0.12191548,100
2023-11-25,0.08399298,0.30890992,0.22491695,100
2023-11-26,0.097656555,0.31846493,0.22080839,100
2023-11-27,0.14679688,0.35150403,0.20470713,100
2023-11-28,0.2259463,0.4263537,0.20040737,100
2023-11-29,0.16648853,0.32653716,0.16004866,100
2023-11-30,0.183853,0.45340514,0.26955217,100
2023-12-01,0.26184815,0.47824973,0.21640158,100
2023-12-02,0.31632915,0.48048007,0.16415091,100
2023-12-03,0.15552726,0.43216124,0.27663398,100
2023-12-04,0.15308028,0.4560793,0.302999,100
2023-12-05,-0.07859064,0.30438393,0.38297454,100
2023-12-06,0.0392245,0.30587485,0.26665032,100
2023-12-07,0.078803726,0.38679695,0.30799323,100
2023-12-08,0.2560352,0.41838562,0.16235039,100
2023-12-09,0.3160944,0.48103717,0.16494276,100
2023-12-10,0.100595206,0.37271014,0.27211496,100
2023-12-11,0.24949013,0.3987497,0.14925957,100
2023-12-12,0.23879868,0.38399258,0.14519389,100
2023-12-13,0.28544864,0.47244102,0.18699238,100
2023-12-14,0.28484872,0.44898632,0.16413759,100
2023-12-15,0.41540727,0.5302679,0.11486064,100
2023-12-16,-0.003603931,0.2758205,0.27942443,100
2023-12-17,0.1975104,0.40434164,0.20683122,4
2023-12-18,0.3980933,0.44474706,0.04665373,12
2023-12-19,0.37590528,0.4062877,0.030382441,6
2023-12-20,0.34911922,0.5507697,0.2016505,5
2023-12-21,0.23698607,0.38986647,0.15288042,8
2023-12-22,0.5123304,0.5247204,0.012389965,5
2023-12-23,0.94017947,0.9568016,0.01662212,1
2023-12-24,0.1086026,0.32874826,0.22014564,4
2023-12-25,0.9366122,0.95024014,0.013627953,1
2023-12-26,0.49168265,0.50651133,0.014828656,4
2023-12-27,-0.026679564,0.15921254,0.1858921,4
2023-12-28,0.36387038,0.3965574,0.03268703,10
2023-12-29,0.47733247,0.60802686,0.1306944,8
2023-12-30,0.368209,0.42290166,0.054692656,3
2023-12-31,0.63242966,0.6422347,0.009805019,3
2024-01-01,0.37691665,0.3973854,0.020468753,4
2024-01-02,0.24115977,0.47435302,0.23319326,13
2024-01-03,0.15120739,0.4050202,0.25381282,8
2024-01-04,0.053192325,0.36335447,0.31016216,14
2024-01-05,0.13849637,0.42351097,0.28501457,7
2024-01-06,0.09183127,0.36008877,0.26825747,2
2024-01-07,0.35189024,0.36750618,0.015615939,3
2024-01-08,0.19522214,0.51713,0.32190788,12
2024-01-09,0.67249745,0.69109815,0.018600693,7
