Date,Sentiment_Score,News_Volume
2019-01-01,0.213497,100
2019-01-02,0.45146000000000003,100
2019-01-03,0.5483129999999999,100
2019-01-04,0.581692,100
2019-01-05,0.276915,100
2019-01-06,0.484015,100
2019-01-07,0.584112,100
2019-01-08,0.643035,100
2019-01-09,0.659878,100
2019-01-10,0.564588,100
2019-01-11,0.635262,100
2019-01-12,0.354334,100
2019-01-13,0.475218,100
2019-01-14,0.485972,100
2019-01-15,0.546215,100
2019-01-16,0.486081,100
2019-01-17,0.549536,100
2019-01-18,0.673686,100
2019-01-19,0.333441,100
2019-01-20,0.38705100000000003,100
2019-01-21,0.7566970000000001,100
2019-01-22,0.552804,100
2019-01-23,0.659712,100
2019-01-24,0.674588,100
2019-01-25,0.5591360000000001,100
2019-01-26,0.457732,100
2019-01-27,0.318366,100
2019-01-28,0.610565,100
2019-01-29,0.505396,100
2019-01-30,0.6608620000000001,100
2019-01-31,0.636024,100
2019-02-01,0.6451730000000001,100
2019-02-02,0.262264,100
2019-02-03,0.39299500000000004,100
2019-02-04,0.6361249999999999,100
2019-02-05,0.633472,100
2019-02-06,0.614716,100
2019-02-07,0.569694,100
2019-02-08,0.7383719999999999,100
2019-02-09,0.295404,100
2019-02-10,0.40419,100
2019-02-11,0.635964,100
2019-02-12,0.558152,100
2019-02-13,0.57122,100
2019-02-14,0.534946,100
2019-02-15,0.636672,100
2019-02-16,0.367323,100
2019-02-17,0.39665,100
2019-02-18,0.777209,100
2019-02-19,0.582911,100
2019-02-20,0.615117,100
2019-02-21,0.725616,100
2019-02-22,0.6985720000000001,100
2019-02-23,0.48042900000000005,100
2019-02-24,0.43638,100
2019-02-25,0.6101610000000001,100
2019-02-26,0.6188629999999999,100
2019-02-27,0.551097,100
2019-02-28,0.596298,100
2019-03-01,0.59191,100
2019-03-02,0.056943,100
2019-03-03,0.406766,100
2019-03-04,0.668297,100
2019-03-05,0.541902,100
2019-03-06,0.542298,100
2019-03-07,0.653951,100
2019-03-08,0.667124,100
2019-03-09,0.5882459999999999,100
2019-03-10,0.414063,100
2019-03-11,0.5071650000000001,100
2019-03-12,0.6063729999999999,100
2019-03-13,0.401318,100
2019-03-14,0.47861800000000004,100
2019-03-15,0.510522,100
2019-03-16,0.404164,100
2019-03-17,0.451126,100
2019-03-18,0.501625,100
2019-03-19,0.562912,100
2019-03-20,0.5587,100
2019-03-21,0.43257199999999996,100
2019-03-22,0.537487,100
2019-03-23,0.591402,100
2019-03-24,0.48606,100
2019-03-25,0.630702,100
2019-03-26,0.532637,100
2019-03-27,0.342128,100
2019-03-28,0.49885599999999997,100
2019-03-29,0.425222,100
2019-03-30,0.582094,100
2019-03-31,0.33775,100
2019-04-01,0.48598399999999997,100
2019-04-02,0.436004,100
2019-04-03,0.696187,100
2019-04-04,0.43293,100
2019-04-05,0.5133489999999999,100
2019-04-06,0.43104,100
2019-04-07,0.37505499999999997,100
2019-04-08,0.34399799999999997,100
2019-04-09,0.11855700000000001,100
2019-04-10,0.34982100000000005,100
2019-04-11,0.382391,100
2019-04-12,0.418864,100
2019-04-13,0.390077,100
2019-04-14,0.303263,100
2019-04-15,0.47674999999999995,100
2019-04-16,0.5610649999999999,100
2019-04-17,0.491381,100
2019-04-18,0.463967,100
2019-04-19,0.38847299999999996,100
2019-04-20,0.20533300000000002,100
2019-04-21,0.139375,100
2019-04-22,0.429233,100
2019-04-23,0.541395,100
2019-04-24,0.47100499999999995,100
2019-04-25,0.564704,100
2019-04-26,0.44482999999999995,100
2019-04-27,0.205652,100
2019-04-28,0.368487,100
2019-04-29,0.529018,100
2019-04-30,0.467646,100
2019-05-01,0.469718,100
2019-05-02,0.520413,100
2019-05-03,0.41253100000000004,100
2019-05-04,0.24150200000000002,100
2019-05-05,0.21646,100
2019-05-06,0.392678,100
2019-05-07,0.507111,100
2019-05-08,0.46368499999999996,100
2019-05-09,0.49804299999999996,100
2019-05-10,0.43811300000000003,100
2019-05-11,0.1542,100
2019-05-12,0.208506,100
2019-05-13,0.491605,100
2019-05-14,0.398379,100
2019-05-15,0.396078,100
2019-05-16,0.5282,100
2019-05-17,0.479667,100
2019-05-18,0.227025,100
2019-05-19,0.147366,100
2019-05-20,0.388761,100
2019-05-21,0.285554,100
2019-05-22,0.521931,100
2019-05-23,0.34970300000000004,100
2019-05-24,0.466272,100
2019-05-25,0.17623,100
2019-05-26,0.262779,100
2019-05-27,0.142213,100
2019-05-28,0.546891,100
2019-05-29,0.508117,100
2019-05-30,0.447886,100
2019-05-31,0.380054,100
2019-06-01,0.149948,100
2019-06-02,0.26977799999999996,100
2019-06-03,0.485488,100
2019-06-04,0.410318,100
2019-06-05,0.5471710000000001,100
2019-06-06,0.409539,100
2019-06-07,0.38392400000000004,100
2019-06-08,0.293857,100
2019-06-09,0.201466,100
2019-06-10,0.48025199999999996,100
2019-06-11,0.5385070000000001,100
2019-06-12,0.45015,100
2019-06-13,0.47719700000000004,100
2019-06-14,0.331731,100
2019-06-15,0.079832,100
2019-06-16,0.219234,100
2019-06-17,0.392243,100
2019-06-18,0.462564,100
2019-06-19,0.5260199999999999,100
2019-06-20,0.5607650000000001,100
2019-06-21,0.449559,100
2019-06-22,0.259447,100
2019-06-23,0.245444,100
2019-06-24,0.478012,100
2019-06-25,0.433607,100
2019-06-26,0.399936,100
2019-06-27,0.484806,100
2019-06-28,0.509638,100
2019-06-29,0.213248,100
2019-06-30,0.146341,100
2019-07-01,0.558185,100
2019-07-02,0.329914,100
2019-07-03,0.477397,100
2019-07-04,0.31582699999999997,100
2019-07-05,0.462143,100
2019-07-06,0.275742,100
2019-07-07,0.206827,100
2019-07-08,0.419446,100
2019-07-09,0.464342,100
2019-07-10,0.500281,100
2019-07-11,0.39434800000000003,100
2019-07-12,0.47718299999999997,100
2019-07-13,0.232935,100
2019-07-14,0.16007300000000002,100
2019-07-15,0.520679,100
2019-07-16,0.521406,100
2019-07-17,0.565086,100
2019-07-18,0.510438,100
2019-07-19,0.447876,100
2019-07-20,0.122251,100
2019-07-21,0.216509,100
2019-07-22,0.532096,100
2019-07-23,0.522195,100
2019-07-24,0.37255299999999997,100
2019-07-25,0.442814,100
2019-07-26,0.493568,100
2019-07-27,0.287975,100
2019-07-28,0.28756,100
2019-07-29,0.503586,100
2019-07-30,0.547598,100
2019-07-31,0.584346,100
2019-08-01,0.572034,100
2019-08-02,0.461346,100
2019-08-03,0.302079,100
2019-08-04,0.263675,100
2019-08-05,0.562287,100
2019-08-06,0.540111,100
2019-08-07,0.507372,100
2019-08-08,0.62437,100
2019-08-09,0.497052,100
2019-08-10,0.274092,100
2019-08-11,0.264687,100
2019-08-12,0.460675,100
2019-08-13,0.43121299999999996,100
2019-08-14,0.46455399999999997,100
2019-08-15,0.424782,100
2019-08-16,0.394796,100
2019-08-17,0.0009719999999999996,100
2019-08-18,0.16645699999999997,100
2019-08-19,0.488664,100
2019-08-20,0.421434,100
2019-08-21,0.5220239999999999,100
2019-08-22,0.32329300000000005,100
2019-08-23,0.43886,100
2019-08-24,0.17085899999999998,100
2019-08-25,0.30909600000000004,100
2019-08-26,0.456295,100
2019-08-27,0.427363,100
2019-08-28,0.34909599999999996,100
2019-08-29,0.447108,100
2019-08-30,0.43404699999999996,100
2019-08-31,0.155934,100
2019-09-01,0.277565,100
2019-09-02,0.225576,100
2019-09-03,0.438688,100
2019-09-04,0.47411499999999995,100
2019-09-05,0.502921,100
2019-09-06,0.414518,100
2019-09-07,0.32154299999999997,100
2019-09-08,0.423886,100
2019-09-09,0.46966299999999994,100
2019-09-10,0.40781799999999996,100
2019-09-11,0.44271099999999997,100
2019-09-12,0.41738,100
2019-09-13,0.430599,100
2019-09-14,0.27471,100
2019-09-15,0.570635,100
2019-09-16,0.373517,100
2019-09-17,0.529963,100
2019-09-18,0.299871,100
2019-09-19,0.377025,100
2019-09-20,0.47732199999999997,100
2019-09-21,0.307529,100
2019-09-22,0.390035,100
2019-09-23,0.396714,100
2019-09-24,0.43485599999999996,100
2019-09-25,0.450679,100
2019-09-26,0.354769,100
2019-09-27,0.430428,100
2019-09-28,0.385768,100
2019-09-29,0.39258200000000004,100
2019-09-30,0.45697200000000004,100
2019-10-01,0.562702,100
2019-10-02,0.382629,100
2019-10-03,0.49417900000000003,100
2019-10-04,0.446935,100
2019-10-05,0.38682099999999997,100
2019-10-06,0.373716,100
2019-10-07,0.541806,100
2019-10-08,0.37608400000000003,100
2019-10-09,0.404756,100
2019-10-10,0.453741,100
2019-10-11,0.48058700000000004,100
2019-10-12,0.198326,100
2019-10-13,0.32106999999999997,100
2019-10-14,0.339043,100
2019-10-15,0.423069,100
2019-10-16,0.469677,100
2019-10-17,0.500387,100
2019-10-18,0.346425,100
2019-10-19,0.22668600000000003,100
2019-10-20,0.33413200000000004,100
2019-10-21,0.5330210000000001,100
2019-10-22,0.426019,100
2019-10-23,0.41795000000000004,100
2019-10-24,0.46051200000000003,100
2019-10-25,0.470891,100
2019-10-26,0.5046459999999999,100
2019-10-27,0.296122,100
2019-10-28,0.396801,100
2019-10-29,0.5198550000000001,100
2019-10-30,0.5254030000000001,100
2019-10-31,0.433411,100
2019-11-01,0.518099,100
2019-11-02,0.398522,100
2019-11-03,0.208098,100
2019-11-04,0.448932,100
2019-11-05,0.49485999999999997,100
2019-11-06,0.45522399999999996,100
2019-11-07,0.481783,100
2019-11-08,0.531624,100
2019-11-09,0.29477,100
2019-11-10,0.362381,100
2019-11-11,0.527607,100
2019-11-12,0.460056,100
2019-11-13,0.407075,100
2019-11-14,0.396669,100
2019-11-15,0.327903,100
2019-11-16,0.26368400000000003,100
2019-11-17,0.354932,100
2019-11-18,0.49129199999999995,100
2019-11-19,0.40549799999999997,100
2019-11-20,0.551205,100
2019-11-21,0.49794200000000005,100
2019-11-22,0.49905700000000003,100
2019-11-23,0.38223300000000004,100
2019-11-24,0.437339,100
2019-11-25,0.530861,100
2019-11-26,0.552416,100
2019-11-27,0.484215,100
2019-11-28,0.197639,100
2019-11-29,0.506169,100
2019-11-30,0.209039,100
2019-12-01,0.382347,100
2019-12-02,0.41591,100
2019-12-03,0.544189,100
2019-12-04,0.537585,100
2019-12-05,0.526011,100
2019-12-06,0.47039000000000003,100
2019-12-07,0.315033,100
2019-12-08,0.45998399999999995,100
2019-12-09,0.35695,100
2019-12-10,0.500883,100
2019-12-11,0.519964,100
2019-12-12,0.5845400000000001,100
2019-12-13,0.558337,100
2019-12-14,0.407886,100
2019-12-15,0.550204,100
2019-12-16,0.332699,100
2019-12-17,0.461822,100
2019-12-18,0.44260599999999994,100
2019-12-19,0.48844099999999996,100
2019-12-20,0.5706669999999999,100
2019-12-21,0.324185,100
2019-12-22,0.548586,100
2019-12-23,0.426306,100
2019-12-24,0.421233,100
2019-12-25,0.22534698795180724,83
2019-12-26,0.363532,100
2019-12-27,0.37692,100
2019-12-28,0.2643670588235294,85
2019-12-29,0.385172,100
2019-12-30,0.514599,100
2019-12-31,0.456904,100
2020-01-01,0.23199899999999998,100
2020-01-02,0.372386,100
2020-01-03,0.392492,100
2020-01-04,0.42497100000000004,100
2020-01-05,0.525318,100
2020-01-06,0.5128,100
2020-01-07,0.399486,100
2020-01-08,0.48700200000000005,100
2020-01-09,0.538442,100
2020-01-10,0.41291200000000006,100
2020-01-11,0.392669,100
2020-01-12,0.48306899999999997,100
2020-01-13,0.574598,100
2020-01-14,0.485009,100
2020-01-15,0.551738,100
2020-01-16,0.501016,100
2020-01-17,0.555179,100
2020-01-18,0.501791,100
2020-01-19,0.31905100000000003,100
2020-01-20,0.265241,100
2020-01-21,0.356903,100
2020-01-22,0.48767200000000005,100
2020-01-23,0.43142899999999995,100
2020-01-24,0.41940400000000005,100
2020-01-25,0.382049,100
2020-01-26,0.314093,100
2020-01-27,0.373616,100
2020-01-28,0.567508,100
2020-01-29,0.443061,100
2020-01-30,0.555893,100
2020-01-31,0.558748,100
2020-02-01,0.21489799999999998,100
2020-02-02,0.613476,100
2020-02-03,0.52589,100
2020-02-04,0.434449,100
2020-02-05,0.46853500000000003,100
2020-02-06,0.509792,100
2020-02-07,0.50881,100
2020-02-08,0.36662,100
2020-02-09,0.46887,100
2020-02-10,0.318409,100
2020-02-11,0.519388,100
2020-02-12,0.528563,100
2020-02-13,0.550478,100
2020-02-14,0.471285,100
2020-02-15,0.38721200000000006,100
2020-02-16,0.40573100000000006,100
2020-02-17,0.142798,100
2020-02-18,0.515796,100
2020-02-19,0.5075799999999999,100
2020-02-20,0.60958,100
2020-02-21,0.43296,100
2020-02-22,0.39695300000000006,100
2020-02-23,0.493586,100
2020-02-24,0.457624,100
2020-02-25,0.493001,100
2020-02-26,0.443529,100
2020-02-27,0.46570700000000004,100
2020-02-28,0.519835,100
2020-02-29,0.6017199999999999,100
2020-03-01,0.449103,100
2020-03-02,0.37906100000000004,100
2020-03-03,0.5461860000000001,100
2020-03-04,0.535118,100
2020-03-05,0.502792,100
2020-03-06,0.420438,100
2020-03-07,0.275413,100
2020-03-08,0.532574,100
2020-03-09,0.508517,100
2020-03-10,0.47523200000000004,100
2020-03-11,0.282457,100
2020-03-12,0.405582,100
2020-03-13,0.423965,100
2020-03-14,0.274841,100
2020-03-15,0.42080599999999996,100
2020-03-16,0.38892899999999997,100
2020-03-17,0.35937800000000003,100
2020-03-18,0.405342,100
2020-03-19,0.37976,100
2020-03-20,0.344929,100
2020-03-21,0.25637699999999997,100
2020-03-22,0.41446799999999995,100
2020-03-23,0.43527,100
2020-03-24,0.467214,100
2020-03-25,0.39268000000000003,100
2020-03-26,0.392886,100
2020-03-27,0.471462,100
2020-03-28,0.21745599999999998,100
2020-03-29,0.364004,100
2020-03-30,0.333623,100
2020-03-31,0.41295099999999996,100
2020-04-01,0.330538,100
2020-04-02,0.35429099999999997,100
2020-04-03,0.25441800000000003,100
2020-04-04,0.28419,100
2020-04-05,0.308456,100
2020-04-06,0.317699,100
2020-04-07,0.278154,100
2020-04-08,0.37237000000000003,100
2020-04-09,0.446527,100
2020-04-10,0.502963,100
2020-04-11,0.342564,100
2020-04-12,0.489393,100
2020-04-13,0.297663,100
2020-04-14,0.33000399999999996,100
2020-04-15,0.453029,100
2020-04-16,0.276214,100
2020-04-17,0.461542,100
2020-04-18,0.258251,100
2020-04-19,0.375308,100
2020-04-20,0.44056199999999995,100
2020-04-21,0.21008700000000002,100
2020-04-22,0.37593000000000004,100
2020-04-23,0.338395,100
2020-04-24,0.305987,100
2020-04-25,0.3134,100
2020-04-26,0.390554,100
2020-04-27,0.404001,100
2020-04-28,0.385119,100
2020-04-29,0.47606099999999996,100
2020-04-30,0.34407000000000004,100
2020-05-01,0.3688,100
2020-05-02,0.367703,100
2020-05-03,0.501152,100
2020-05-04,0.32244700000000004,100
2020-05-05,0.375034,100
2020-05-06,0.42097,100
2020-05-07,0.393158,100
2020-05-08,0.497309,100
2020-05-09,0.501069,100
2020-05-10,0.38257399999999997,100
2020-05-11,0.469071,100
2020-05-12,0.381276,100
2020-05-13,0.217627,100
2020-05-14,0.233482,100
2020-05-15,0.173988,100
2020-05-16,0.370361,100
2020-05-17,0.556091,100
2020-05-18,0.591519,100
2020-05-19,0.46068,100
2020-05-20,0.5208569999999999,100
2020-05-21,0.431896,100
2020-05-22,0.29143399999999997,100
2020-05-23,0.3661,100
2020-05-24,0.47639200000000004,100
2020-05-25,0.324876,100
2020-05-26,0.564412,100
2020-05-27,0.39312600000000003,100
2020-05-28,0.337808,100
2020-05-29,0.499799,100
2020-05-30,0.308798,100
2020-05-31,0.444765,100
2020-06-01,0.339208,100
2020-06-02,0.347522,100
2020-06-03,0.47618900000000003,100
2020-06-04,0.607609,100
2020-06-05,0.513935,100
2020-06-06,0.390521978021978,91
2020-06-07,0.57338,100
2020-06-08,0.535179,100
2020-06-09,0.428371,100
2020-06-10,0.203114,100
2020-06-11,0.46176,100
2020-06-12,0.373487,100
2020-06-13,0.5509847222222223,72
2020-06-14,0.441961,100
2020-06-15,0.37788400000000005,100
2020-06-16,0.499076,100
2020-06-17,0.493711,100
2020-06-18,0.237039,100
2020-06-19,0.490738,100
2020-06-20,0.4970560606060606,66
2020-06-21,0.35611899999999996,100
2020-06-22,0.488801,100
2020-06-23,0.489297,100
2020-06-24,0.302502,100
2020-06-25,0.29564599999999996,100
2020-06-26,0.287139,100
2020-06-27,0.48912599999999995,100
2020-06-28,0.454505,100
2020-06-29,0.551566,100
2020-06-30,0.293803,100
2020-07-01,0.412424,100
2020-07-02,0.45516,100
2020-07-03,0.21067699999999998,100
2020-07-04,0.36566034482758625,58
2020-07-05,0.63462,100
2020-07-06,0.480927,100
2020-07-07,0.463095,100
2020-07-08,0.36478900000000003,100
2020-07-09,0.499658,100
2020-07-10,0.335743,100
2020-07-11,0.5370132075471699,53
2020-07-12,0.526886,100
2020-07-13,0.551687,100
2020-07-14,0.39297400000000005,100
2020-07-15,0.475122,100
2020-07-16,0.345502,100
2020-07-17,0.44091,100
2020-07-18,0.5513939393939394,66
2020-07-19,0.537782,100
2020-07-20,0.44392200000000004,100
2020-07-21,0.5398850000000001,100
2020-07-22,0.476059,100
2020-07-23,0.491434,100
2020-07-24,0.23845100000000002,100
2020-07-25,0.5539358974358974,78
2020-07-26,0.446832,100
2020-07-27,0.341465,100
2020-07-28,0.36056699999999997,100
2020-07-29,0.59771,100
2020-07-30,0.383378,100
2020-07-31,0.455782,100
2020-08-01,0.5118022471910112,89
2020-08-02,0.534679,100
2020-08-03,0.535023,100
2020-08-04,0.338911,100
2020-08-05,0.442177,100
2020-08-06,0.28707,100
2020-08-07,0.387066,100
2020-08-08,0.49847500000000006,100
2020-08-09,0.5616878048780488,82
2020-08-10,0.573978,100
2020-08-11,0.412429,100
2020-08-12,0.343095,100
2020-08-13,0.477117,100
2020-08-14,0.337751,100
2020-08-15,0.5423224719101124,89
2020-08-16,0.421502,100
2020-08-17,0.449681,100
2020-08-18,0.43278599999999995,100
2020-08-19,0.40137300000000004,100
2020-08-20,0.416215,100
2020-08-21,0.5175379999999999,100
2020-08-22,0.5585950000000001,80
2020-08-23,0.40285,100
2020-08-24,0.47702399999999995,100
2020-08-25,0.546297,100
2020-08-26,0.46420900000000004,100
2020-08-27,0.531511,100
2020-08-28,0.45970999999999995,100
2020-08-29,0.6168107692307693,65
2020-08-30,0.656137,100
2020-08-31,0.520829,100
2020-09-01,0.604719,100
2020-09-02,0.479745,100
2020-09-03,0.346211,100
2020-09-04,0.35401299999999997,100
2020-09-05,0.4693527472527473,91
2020-09-06,0.630312,100
2020-09-07,0.422917,100
2020-09-08,0.304606,100
2020-09-09,0.23686799999999997,100
2020-09-10,0.37498800000000004,100
2020-09-11,0.44000799999999995,100
2020-09-12,0.5129479166666667,96
2020-09-13,0.498992,100
2020-09-14,0.444392,100
2020-09-15,0.322205,100
2020-09-16,0.471879,100
2020-09-17,0.408219,100
2020-09-18,0.51021,100
2020-09-19,0.5214272727272727,55
2020-09-20,0.397095,100
2020-09-21,0.36010800000000004,100
2020-09-22,0.489354,100
2020-09-23,0.383016,100
2020-09-24,0.396646,100
2020-09-25,0.516971,100
2020-09-26,0.48133720930232554,86
2020-09-27,0.52074,100
2020-09-28,0.568537,100
2020-09-29,0.643567,100
2020-09-30,0.533293,100
2020-10-01,0.596778,100
2020-10-02,0.559728,100
2020-10-03,0.4831752808988764,89
2020-10-04,0.522802,100
2020-10-05,0.549316,100
2020-10-06,0.0028770000000000046,100
2020-10-07,0.5139589999999999,100
2020-10-08,0.46452,100
2020-10-09,0.557868,100
2020-10-10,0.537776,100
2020-10-11,0.533288,100
2020-10-12,0.5639419999999999,100
2020-10-13,0.345382,100
2020-10-14,0.41281399999999996,100
2020-10-15,0.46875300000000003,100
2020-10-16,0.59353,100
2020-10-17,0.5042623529411765,85
2020-10-18,0.536471,100
2020-10-19,0.583462,100
2020-10-20,0.567978,100
2020-10-21,0.574018,100
2020-10-22,0.536057,100
2020-10-23,0.612406,100
2020-10-24,0.5164644444444444,90
2020-10-25,0.598603,100
2020-10-26,0.396768,100
2020-10-27,0.37723100000000004,100
2020-10-28,0.5338040000000001,100
2020-10-29,0.38099400000000005,100
2020-10-30,0.42477699999999996,100
2020-10-31,0.6047899999999999,100
2020-11-01,0.660466,100
2020-11-02,0.57275,100
2020-11-03,0.422173,100
2020-11-04,0.574158,100
2020-11-05,0.440397,100
2020-11-06,0.506905,100
2020-11-07,0.59629,100
2020-11-08,0.6360600000000001,100
2020-11-09,0.48349800000000004,100
2020-11-10,0.484991,100
2020-11-11,0.578528,100
2020-11-12,0.562018,100
2020-11-13,0.593782,100
2020-11-14,0.522141,100
2020-11-15,0.600234,100
2020-11-16,0.544404,100
2020-11-17,0.5331089999999999,100
2020-11-18,0.444915,100
2020-11-19,0.374751,100
2020-11-20,0.40704100000000004,100
2020-11-21,0.536828,100
2020-11-22,0.558867,100
2020-11-23,0.624444,100
2020-11-24,0.526361,100
2020-11-25,0.50896,100
2020-11-26,0.43381100000000006,100
2020-11-27,0.465407,100
2020-11-28,0.5825123456790123,81
2020-11-29,0.629726,100
2020-11-30,0.512688,100
2020-12-01,0.511727,100
2020-12-02,0.49183,100
2020-12-03,0.400165,100
2020-12-04,0.553421,100
2020-12-05,0.60629,100
2020-12-06,0.57676,100
2020-12-07,0.279025,100
2020-12-08,0.42871899999999996,100
2020-12-09,0.492106,100
2020-12-10,0.534802,100
2020-12-11,0.46997999999999995,100
2020-12-12,0.441119,100
2020-12-13,0.574328,100
2020-12-14,0.468578,100
2020-12-15,0.412172,100
2020-12-16,0.236893,100
2020-12-17,0.327376,100
2020-12-18,0.402185,100
2020-12-19,0.43508,100
2020-12-20,0.564455,100
2020-12-21,0.172912,100
2020-12-22,0.32978900000000005,100
2020-12-23,0.404223,100
2020-12-24,0.58166,100
2020-12-25,0.53045,52
2020-12-26,0.5902295454545454,88
2020-12-27,0.5476610000000001,100
2020-12-28,0.384204,100
2020-12-29,0.423805,100
2020-12-30,0.531676,100
2020-12-31,0.497984,100
2021-01-01,0.633215625,64
2021-01-02,0.6829210526315789,57
2021-01-03,0.560936,100
2021-01-04,0.38492899999999997,100
2021-01-05,0.5992999999999999,100
2021-01-06,0.545028,100
2021-01-07,0.46796,100
2021-01-08,0.49044400000000005,100
2021-01-09,0.6086666666666667,99
2021-01-10,0.559046,100
2021-01-11,0.35314599999999996,100
2021-01-12,0.375354,100
2021-01-13,0.429864,100
2021-01-14,0.37339500000000003,100
2021-01-15,0.326828,100
2021-01-16,0.675971,100
2021-01-17,0.49317,100
2021-01-18,0.38209000000000004,100
2021-01-19,0.35598399999999997,100
2021-01-20,0.508344,100
2021-01-21,0.45169899999999996,100
2021-01-22,0.426566,100
2021-01-23,0.5258412499999999,80
2021-01-24,0.512379,100
2021-01-25,0.497868,100
2021-01-26,0.500088,100
2021-01-27,0.460229,100
2021-01-28,0.413184,100
2021-01-29,0.389601,100
2021-01-30,0.552891,100
2021-01-31,0.46267600000000003,100
2021-02-01,0.495589,100
2021-02-02,0.49126400000000003,100
2021-02-03,0.536756,100
2021-02-04,0.54185,100
2021-02-05,0.597947,100
2021-02-06,0.5608299999999999,100
2021-02-07,0.5103139999999999,100
2021-02-08,0.502534,100
2021-02-09,0.461744,100
2021-02-10,0.509887,100
2021-02-11,0.494896,100
2021-02-12,0.445238,100
2021-02-13,0.6147269999999999,100
2021-02-14,0.617947,100
2021-02-15,0.584229,100
2021-02-16,0.524434,100
2021-02-17,0.476813,100
2021-02-18,0.364546,100
2021-02-19,0.40854999999999997,100
2021-02-20,0.505772,100
2021-02-21,0.608552,100
2021-02-22,0.34666800000000003,100
2021-02-23,0.385762,100
2021-02-24,0.490378,100
2021-02-25,0.44284399999999996,100
2021-02-26,0.410541,100
2021-02-27,0.599719,100
2021-02-28,0.597984,100
2021-03-01,0.541613,100
2021-03-02,0.482649,100
2021-03-03,0.405528,100
2021-03-04,0.396563,100
2021-03-05,0.5126539999999999,100
2021-03-06,0.549928,100
2021-03-07,0.6289629999999999,100
2021-03-08,0.5469579999999999,100
2021-03-09,0.5186930000000001,100
2021-03-10,0.428748,100
2021-03-11,0.469659,100
2021-03-12,0.49707,100
2021-03-13,0.42312600000000006,100
2021-03-14,0.612595,100
2021-03-15,0.582969,100
2021-03-16,0.583276,100
2021-03-17,0.39407800000000004,100
2021-03-18,0.429927,100
2021-03-19,0.519861,100
2021-03-20,0.567798,100
2021-03-21,0.484548,100
2021-03-22,0.46864199999999995,100
2021-03-23,0.507562,100
2021-03-24,0.544781,100
2021-03-25,0.49323100000000003,100
2021-03-26,0.539483,100
2021-03-27,0.495888,100
2021-03-28,0.536415,100
2021-03-29,0.45535600000000004,100
2021-03-30,0.453441,100
2021-03-31,0.53199,100
2021-04-01,0.5583509999999999,100
2021-04-02,0.501916,100
2021-04-03,0.6282638554216867,83
2021-04-04,0.5394140000000001,100
2021-04-05,0.522879,100
2021-04-06,0.561331,100
2021-04-07,0.47139600000000004,100
2021-04-08,0.526297,100
2021-04-09,0.523311,100
2021-04-10,0.6197123711340206,97
2021-04-11,0.499013,100
2021-04-12,0.483741,100
2021-04-13,0.335567,100
2021-04-14,0.440122,100
2021-04-15,0.43953899999999996,100
2021-04-16,0.442977,100
2021-04-17,0.49733,100
2021-04-18,0.586968,100
2021-04-19,0.430318,100
2021-04-20,0.490792,100
2021-04-21,0.464399,100
2021-04-22,0.474264,100
2021-04-23,0.530778,100
2021-04-24,0.596254,100
2021-04-25,0.607605,100
2021-04-26,0.539011,100
2021-04-27,0.571089,100
2021-04-28,0.508593,100
2021-04-29,0.526867,100
2021-04-30,0.44498600000000005,100
2021-05-01,0.568824,100
2021-05-02,0.648113,100
2021-05-03,0.544829,100
2021-05-04,0.479884,100
2021-05-05,0.434986,100
2021-05-06,0.425556,100
2021-05-07,0.39508200000000004,100
2021-05-08,0.654629,100
2021-05-09,0.589109,100
2021-05-10,0.461484,100
2021-05-11,0.487196,100
2021-05-12,0.518428,100
2021-05-13,0.5187660000000001,100
2021-05-14,0.385335,100
2021-05-15,0.5636220000000001,100
2021-05-16,0.5568379999999999,100
2021-05-17,0.45612699999999995,100
2021-05-18,0.446339,100
2021-05-19,0.535537,100
2021-05-20,0.564978,100
2021-05-21,0.511818,100
2021-05-22,0.581954,100
2021-05-23,0.565577,100
2021-05-24,0.43999299999999997,100
2021-05-25,0.47029899999999997,100
2021-05-26,0.482512,100
2021-05-27,0.54512,100
2021-05-28,0.556341,100
2021-05-29,0.54665,100
2021-05-30,0.536476,100
2021-05-31,0.5992390000000001,100
2021-06-01,0.648115,100
2021-06-02,0.571015,100
2021-06-03,0.488599,100
2021-06-04,0.63399,100
2021-06-05,0.588248,100
2021-06-06,0.534945,100
2021-06-07,0.587717,100
2021-06-08,0.504642,100
2021-06-09,0.502394,100
2021-06-10,0.547863,100
2021-06-11,0.48457,100
2021-06-12,0.575828,100
2021-06-13,0.655657,100
2021-06-14,0.572659,100
2021-06-15,0.385389,100
2021-06-16,0.464166,100
2021-06-17,0.5300090000000001,100
2021-06-18,0.496694,100
2021-06-19,0.511057,100
2021-06-20,0.549274,100
2021-06-21,0.486309,100
2021-06-22,0.548227,100
2021-06-23,0.551658,100
2021-06-24,0.507479,100
2021-06-25,0.55751,100
2021-06-26,0.60344,100
2021-06-27,0.5697800000000001,100
2021-06-28,0.5304,100
2021-06-29,0.537808,100
2021-06-30,0.48973700000000003,100
2021-07-01,0.468872,100
2021-07-02,0.39645400000000003,100
2021-07-03,0.5843805555555556,72
2021-07-04,0.591016,100
2021-07-05,0.603645,100
2021-07-06,0.586946,100
2021-07-07,0.507031,100
2021-07-08,0.24028300000000002,100
2021-07-09,0.5125379999999999,100
2021-07-10,0.65344,90
2021-07-11,0.623261,100
2021-07-12,0.473988,100
2021-07-13,0.44865299999999997,100
2021-07-14,0.53322,100
2021-07-15,0.483192,100
2021-07-16,0.45228900000000005,100
2021-07-17,0.5726720000000001,100
2021-07-18,0.516125,100
2021-07-19,0.531438,100
2021-07-20,0.41171399999999997,100
2021-07-21,0.470288,100
2021-07-22,0.47984299999999996,100
2021-07-23,0.486571,100
2021-07-24,0.539077,100
2021-07-25,0.603581,100
2021-07-26,0.556016,100
2021-07-27,0.448861,100
2021-07-28,0.479317,100
2021-07-29,0.435375,100
2021-07-30,0.517292,100
2021-07-31,0.635791,100
2021-08-01,0.509864,100
2021-08-02,0.477404,100
2021-08-03,0.472577,100
2021-08-04,0.514258,100
2021-08-05,0.48389000000000004,100
2021-08-06,0.50428,100
2021-08-07,0.541629,100
2021-08-08,0.652497,100
2021-08-09,0.460518,100
2021-08-10,0.530192,100
2021-08-11,0.42851799999999995,100
2021-08-12,0.48775100000000005,100
2021-08-13,0.461645,100
2021-08-14,0.580574,100
2021-08-15,0.559642,100
2021-08-16,0.389212,100
2021-08-17,0.449512,100
2021-08-18,0.43725,100
2021-08-19,0.41382599999999997,100
2021-08-20,0.352075,100
2021-08-21,0.595689,100
2021-08-22,0.571461,100
2021-08-23,0.523139,100
2021-08-24,0.636552,100
2021-08-25,0.470011,100
2021-08-26,0.383753,100
2021-08-27,0.525779,100
2021-08-28,0.498902,100
2021-08-29,0.5433870000000001,100
2021-08-30,0.509077,100
2021-08-31,0.45472,100
2021-09-01,0.47825,100
2021-09-02,0.453559,100
2021-09-03,0.522297,100
2021-09-04,0.6336189999999999,100
2021-09-05,0.447228,100
2021-09-06,0.487697,100
2021-09-07,0.457984,100
2021-09-08,0.569955,100
2021-09-09,0.36809,100
2021-09-10,0.5227900000000001,100
2021-09-11,0.58,100
2021-09-12,0.5654549999999999,100
2021-09-13,0.344118,100
2021-09-14,0.471068,100
2021-09-15,0.445355,100
2021-09-16,0.433896,100
2021-09-17,0.48723800000000006,100
2021-09-18,0.570733,100
2021-09-19,0.510619,100
2021-09-20,0.516346,100
2021-09-21,0.49003,100
2021-09-22,0.418471,100
2021-09-23,0.47298900000000005,100
2021-09-24,0.38980400000000004,100
2021-09-25,0.507021,100
2021-09-26,0.613697,100
2021-09-27,0.471092,100
2021-09-28,0.432556,100
2021-09-29,0.370844,100
2021-09-30,0.465422,100
2021-10-01,0.408515,100
2021-10-02,0.5804659999999999,100
2021-10-03,0.575686,100
2021-10-04,0.402622,100
2021-10-05,0.478859,100
2021-10-06,0.46267899999999995,100
2021-10-07,0.521665,100
2021-10-08,0.452736,100
2021-10-09,0.499139,100
2021-10-10,0.501517,100
2021-10-11,0.42253500000000005,100
2021-10-12,0.391878,100
2021-10-13,0.459933,100
2021-10-14,0.523093,100
2021-10-15,0.381413,100
2021-10-16,0.531421,100
2021-10-17,0.556303,100
2021-10-18,0.44724200000000003,100
2021-10-19,0.486599,100
2021-10-20,0.3774,100
2021-10-21,0.428125,100
2021-10-22,0.42420900000000006,100
2021-10-23,0.5622050000000001,100
2021-10-24,0.458249,100
2021-10-25,0.467817,100
2021-10-26,0.449148,100
2021-10-27,0.529516,100
2021-10-28,0.460655,100
2021-10-29,0.51542,100
2021-10-30,0.490875,100
2021-10-31,0.529071,100
2021-11-01,0.517428,100
2021-11-02,0.526996,100
2021-11-03,0.604311,100
2021-11-04,0.437442,100
2021-11-05,0.518011,100
2021-11-06,0.470459,100
2021-11-07,0.615875,100
2021-11-08,0.49508899999999995,100
2021-11-09,0.48495699999999997,100
2021-11-10,0.460603,100
2021-11-11,0.455184,100
2021-11-12,0.502136,100
2021-11-13,0.536362,100
2021-11-14,0.62912,100
2021-11-15,0.538741,100
2021-11-16,0.441181,100
2021-11-17,0.459228,100
2021-11-18,0.40991700000000003,100
2021-11-19,0.416215,100
2021-11-20,0.616474,100
2021-11-21,0.46338300000000004,100
2021-11-22,0.581067,100
2021-11-23,0.502897,100
2021-11-24,0.503547,100
2021-11-25,0.542092,100
2021-11-26,0.43368,100
2021-11-27,0.495347,100
2021-11-28,0.531313,100
2021-11-29,0.520401,100
2021-11-30,0.49894,100
2021-12-01,0.494523,100
2021-12-02,0.42117600000000005,100
2021-12-03,0.512359,100
2021-12-04,0.5333777777777777,90
2021-12-05,0.485556,100
2021-12-06,0.452408,100
2021-12-07,0.548124,100
2021-12-08,0.36410699999999996,100
2021-12-09,0.403144,100
2021-12-10,0.529798,100
2021-12-11,0.594293,100
2021-12-12,0.546768,100
2021-12-13,0.48763,100
2021-12-14,0.416821,100
2021-12-15,0.41287199999999996,100
2021-12-16,0.512208,100
2021-12-17,0.409851,100
2021-12-18,0.5574616161616162,99
2021-12-19,0.461666,100
2021-12-20,0.44195500000000004,100
2021-12-21,0.43209400000000003,100
2021-12-22,0.47330399999999995,100
2021-12-23,0.486545,100
2021-12-24,0.590973,100
2021-12-25,0.530068,100
2021-12-26,0.54054,100
2021-12-27,0.48301299999999997,100
2021-12-28,0.37472,100
2021-12-29,0.41665599999999997,100
2021-12-30,0.451577,100
2021-12-31,0.529294,100
2022-01-01,0.5512237288135593,59
2022-01-02,0.617803,100
2022-01-03,0.450665,100
2022-01-04,0.461513,100
2022-01-05,0.454349,100
2022-01-06,0.40232100000000004,100
2022-01-07,0.492301,100
2022-01-08,0.435946,100
2022-01-09,0.46590000000000004,100
2022-01-10,0.362263,100
2022-01-11,0.512371,100
2022-01-12,0.6185889999999999,100
2022-01-13,0.56436,100
2022-01-14,0.565325,100
2022-01-15,0.402742,100
2022-01-16,0.44887900000000003,100
2022-01-17,0.567089,100
2022-01-18,0.431318,100
2022-01-19,0.552067,100
2022-01-20,0.507175,100
2022-01-21,0.48507300000000003,100
2022-01-22,0.647795,100
2022-01-23,0.570751,100
2022-01-24,0.607497,100
2022-01-25,0.558275,100
2022-01-26,0.5515829999999999,100
2022-01-27,0.589013,100
2022-01-28,0.608109,100
2022-01-29,0.567361,100
2022-01-30,0.624809090909091,88
2022-01-31,0.588638,100
2022-02-01,0.55977,100
2022-02-02,0.5533980000000001,100
2022-02-03,0.522749,100
2022-02-04,0.520291,100
2022-02-05,0.551126,100
2022-02-06,0.6300950000000001,100
2022-02-07,0.5628690000000001,100
2022-02-08,0.507312,100
2022-02-09,0.637165,100
2022-02-10,0.572622,100
2022-02-11,0.578185,100
2022-02-12,0.521949,100
2022-02-13,0.556114,100
2022-02-14,0.552814,100
2022-02-15,0.572996,100
2022-02-16,0.505601,100
2022-02-17,0.452608,100
2022-02-18,0.535506,100
2022-02-19,0.4290540983606557,61
2022-02-20,0.51436,100
2022-02-21,0.5684319999999999,100
2022-02-22,0.594416,100
2022-02-23,0.564932,100
2022-02-24,0.5396730000000001,100
2022-02-25,0.528549,100
2022-02-26,0.6458262626262626,99
2022-02-27,0.34879599999999994,100
2022-02-28,0.502606,100
2022-03-01,0.5055689999999999,100
2022-03-02,0.56907,100
2022-03-03,0.49385100000000004,100
2022-03-04,0.495416,100
2022-03-05,0.5186319587628866,97
2022-03-06,0.5038320000000001,100
2022-03-07,0.53999,100
2022-03-08,0.582724,100
2022-03-09,0.52432,100
2022-03-10,0.500759,100
2022-03-11,0.598684,100
2022-03-12,0.5265945652173913,92
2022-03-13,0.497081,100
2022-03-14,0.452062,100
2022-03-15,0.584904,100
2022-03-16,0.569149,100
2022-03-17,0.613733,100
2022-03-18,0.521689,100
2022-03-19,0.371913,100
2022-03-20,0.605374,100
2022-03-21,0.625397,100
2022-03-22,0.546149,100
2022-03-23,0.49594099999999997,100
2022-03-24,0.578348,100
2022-03-25,0.5910150000000001,100
2022-03-26,0.561731,100
2022-03-27,0.564492,100
2022-03-28,0.549653,100
2022-03-29,0.527052,100
2022-03-30,0.46028399999999997,100
2022-03-31,0.490231,100
2022-04-01,0.578868,100
2022-04-02,0.474623,100
2022-04-03,0.564396,100
2022-04-04,0.520916,100
2022-04-05,0.577519,100
2022-04-06,0.587278,100
2022-04-07,0.484662,100
2022-04-08,0.503637,100
2022-04-09,0.4009725274725275,91
2022-04-10,0.562523,100
2022-04-11,0.502346,100
2022-04-12,0.512189,100
2022-04-13,0.550727,100
2022-04-14,0.585513,100
2022-04-15,0.562326,100
2022-04-16,0.618712,50
2022-04-17,0.5820139534883721,43
2022-04-18,0.571442,100
2022-04-19,0.571732,100
2022-04-20,0.560432,100
2022-04-21,0.508754,100
2022-04-22,0.530372,100
2022-04-23,0.494624,100
2022-04-24,0.477913,100
2022-04-25,0.501536,100
2022-04-26,0.561705,100
2022-04-27,0.503834,100
2022-04-28,0.52822,100
2022-04-29,0.526775,100
2022-04-30,0.439756,100
2022-05-01,0.42184936708860754,79
2022-05-02,0.59421,100
2022-05-03,0.585018,100
2022-05-04,0.528148,100
2022-05-05,0.5165460000000001,100
2022-05-06,0.5948530000000001,100
2022-05-07,0.512182,100
2022-05-08,0.564955,100
2022-05-09,0.50812,100
2022-05-10,0.596081,100
2022-05-11,0.488053,100
2022-05-12,0.450257,100
2022-05-13,0.500784,100
2022-05-14,0.3754469135802469,81
2022-05-15,0.57556,100
2022-05-16,0.49952799999999997,100
2022-05-17,0.553481,100
2022-05-18,0.57164,100
2022-05-19,0.5059859999999999,100
2022-05-20,0.47549100000000005,100
2022-05-21,0.552988,100
2022-05-22,0.45825200000000005,100
2022-05-23,0.522056,100
2022-05-24,0.40604599999999996,100
2022-05-25,0.579036,100
2022-05-26,0.482152,100
2022-05-27,0.596148,100
2022-05-28,0.3699057142857143,70
2022-05-29,0.520262,100
2022-05-30,0.566143,100
2022-05-31,0.549782,100
2022-06-01,0.5571090000000001,100
2022-06-02,0.487025,100
2022-06-03,0.58255,100
2022-06-04,0.410189,100
2022-06-05,0.585315,100
2022-06-06,0.49038399999999993,100
2022-06-07,0.5550780000000001,100
2022-06-08,0.455682,100
2022-06-09,0.46098,100
2022-06-10,0.614351,100
2022-06-11,0.56391,100
2022-06-12,0.43499499999999997,100
2022-06-13,0.508822,100
2022-06-14,0.56626,100
2022-06-15,0.47338,100
2022-06-16,0.418945,100
2022-06-17,0.406342,100
2022-06-18,0.5427531250000001,96
2022-06-19,0.609483,100
2022-06-20,0.61312,100
2022-06-21,0.5090979999999999,100
2022-06-22,0.536621,100
2022-06-23,0.482539,100
2022-06-24,0.539041,100
2022-06-25,0.486278,100
2022-06-26,0.484864,100
2022-06-27,0.5202300000000001,100
2022-06-28,0.527571,100
2022-06-29,0.49338099999999996,100
2022-06-30,0.46018000000000003,100
2022-07-01,0.528801,100
2022-07-02,0.48573099999999997,100
2022-07-03,0.493943,100
2022-07-04,0.45142299999999996,100
2022-07-05,0.41358199999999995,100
2022-07-06,0.516158,100
2022-07-07,0.555661,100
2022-07-08,0.49695900000000004,100
2022-07-09,0.5702108108108108,74
2022-07-10,0.448239,100
2022-07-11,0.44906199999999996,100
2022-07-12,0.438315,100
2022-07-13,0.467935,100
2022-07-14,0.565913,100
2022-07-15,0.47793199999999997,100
2022-07-16,0.3245166666666667,72
2022-07-17,0.528213,100
2022-07-18,0.529446,100
2022-07-19,0.43597299999999994,100
2022-07-20,0.5431239999999999,100
2022-07-21,0.480978,100
2022-07-22,0.509453,100
2022-07-23,0.5612980000000001,100
2022-07-24,0.5721430000000001,100
2022-07-25,0.401486,100
2022-07-26,0.525375,100
2022-07-27,0.500879,100
2022-07-28,0.457806,100
2022-07-29,0.537618,100
2022-07-30,0.624535,100
2022-07-31,0.514782,100
2022-08-01,0.5839880000000001,100
2022-08-02,0.481809,100
2022-08-03,0.5740919999999999,100
2022-08-04,0.532335,100
2022-08-05,0.568608,100
2022-08-06,0.539144,100
2022-08-07,0.537083,100
2022-08-08,0.5069279999999999,100
2022-08-09,0.44228700000000004,100
2022-08-10,0.587858,100
2022-08-11,0.518135,100
2022-08-12,0.617283,100
2022-08-13,0.651481,100
2022-08-14,0.621382,100
2022-08-15,0.621392,100
2022-08-16,0.585252,100
2022-08-17,0.468808,100
2022-08-18,0.5103909999999999,100
2022-08-19,0.560012,100
2022-08-20,0.572148,100
2022-08-21,0.583114,100
2022-08-22,0.5238430000000001,100
2022-08-23,0.544903,100
2022-08-24,0.473809,100
2022-08-25,0.581807,100
2022-08-26,0.5410929999999999,100
2022-08-27,0.586417,100
2022-08-28,0.606548,100
2022-08-29,0.566228,100
2022-08-30,0.543138,100
2022-08-31,0.488228,100
2022-09-01,0.547351,100
2022-09-02,0.48857100000000003,100
2022-09-03,0.447992,100
2022-09-04,0.644533,100
2022-09-05,0.555653,100
2022-09-06,0.48676600000000003,100
2022-09-07,0.372705,100
2022-09-08,0.3876,100
2022-09-09,0.575471,100
2022-09-10,0.480426,100
2022-09-11,0.586879,100
2022-09-12,0.529887,100
2022-09-13,0.49790300000000004,100
2022-09-14,0.5963620000000001,100
2022-09-15,0.477372,100
2022-09-16,0.529561,100
2022-09-17,0.47062,100
2022-09-18,0.564116,100
2022-09-19,0.49754,100
2022-09-20,0.528193,100
2022-09-21,0.541851,100
2022-09-22,0.51545,100
2022-09-23,0.480015,100
2022-09-24,0.466796,100
2022-09-25,0.499268,100
2022-09-26,0.520215,100
2022-09-27,0.497203,100
2022-09-28,0.35017899999999996,100
2022-09-29,0.457034,100
2022-09-30,0.485947,100
2022-10-01,0.56454,100
2022-10-02,0.548812,100
2022-10-03,0.544849,100
2022-10-04,0.484647,100
2022-10-05,0.493844,100
2022-10-06,0.473357,100
2022-10-07,0.280308,100
2022-10-08,0.634453,100
2022-10-09,0.609245,100
2022-10-10,0.506266,100
2022-10-11,0.442735,100
2022-10-12,0.497045,100
2022-10-13,0.510612,100
2022-10-14,0.485081,100
2022-10-15,0.346914,100
2022-10-16,0.5010049999999999,100
2022-10-17,0.5855170000000001,100
2022-10-18,0.467612,100
2022-10-19,0.538829,100
2022-10-20,0.536665,100
2022-10-21,0.427387,100
2022-10-22,0.601374,100
2022-10-23,0.480225,100
2022-10-24,0.514349,100
2022-10-25,0.47185299999999997,100
2022-10-26,0.490514,100
2022-10-27,0.45165900000000003,100
2022-10-28,0.522045,100
2022-10-29,0.540077,100
2022-10-30,0.548838,100
2022-10-31,0.545182,100
2022-11-01,0.5337230000000001,100
2022-11-02,0.469875,100
2022-11-03,0.518197,100
2022-11-04,0.592382,100
2022-11-05,0.5621,100
2022-11-06,0.6119509999999999,100
2022-11-07,0.563044,100
2022-11-08,0.523173,100
2022-11-09,0.471268,100
2022-11-10,0.462553,100
2022-11-11,0.634629,100
2022-11-12,0.45481010101010105,99
2022-11-13,0.631016,100
2022-11-14,0.555122,100
2022-11-15,0.542523,100
2022-11-16,0.5205069999999999,100
2022-11-17,0.537199,100
2022-11-18,0.5612039999999999,100
2022-11-19,0.527738,100
2022-11-20,0.557298,100
2022-11-21,0.53156,100
2022-11-22,0.573528,100
2022-11-23,0.621076,100
2022-11-24,0.6354339999999999,100
2022-11-25,0.757227,100
2022-11-26,0.5735357894736842,95
2022-11-27,0.482511,100
2022-11-28,0.417381,100
2022-11-29,0.454232,100
2022-11-30,0.551388,100
2022-12-01,0.547056,100
2022-12-02,0.47660800000000003,100
2022-12-03,0.35255499999999995,100
2022-12-04,0.623972,100
2022-12-05,0.645814,100
2022-12-06,0.508449,100
2022-12-07,0.350887,100
2022-12-08,0.565159,100
2022-12-09,0.6484780000000001,100
2022-12-10,0.455799,100
2022-12-11,0.621959,100
2022-12-12,0.619483,100
2022-12-13,0.5609689999999999,100
2022-12-14,0.5039399999999999,100
2022-12-15,0.593279,100
2022-12-16,0.50029,100
2022-12-17,0.467211,100
2022-12-18,0.459996,100
2022-12-19,0.55497,100
2022-12-20,0.600066,100
2022-12-21,0.586141,100
2022-12-22,0.5174690000000001,100
2022-12-23,0.588448,100
2022-12-24,0.5717,94
2022-12-25,0.555074647887324,71
2022-12-26,0.528287,100
2022-12-27,0.584855,100
2022-12-28,0.5602280000000001,100
2022-12-29,0.541999,100
2022-12-30,0.5049399999999999,100
2022-12-31,0.635678,100
2023-01-01,0.4845328571428571,70
2023-01-02,0.531566,100
2023-01-03,0.579083,100
2023-01-04,0.548085,100
2023-01-05,0.597847,100
2023-01-06,0.560486,100
2023-01-07,0.431049,100
2023-01-08,0.572079,100
2023-01-09,0.5655680000000001,100
2023-01-10,0.545511,100
2023-01-11,0.603058,100
2023-01-12,0.556644,100
2023-01-13,0.604204,100
2023-01-14,0.45972,100
2023-01-15,0.549651,100
2023-01-16,0.628764,100
2023-01-17,0.519952,100
2023-01-18,0.64244,100
2023-01-19,0.463964,100
2023-01-20,0.600467,100
2023-01-21,0.491845,100
2023-01-22,0.613979,100
2023-01-23,0.566841,100
2023-01-24,0.633045,100
2023-01-25,0.455722,100
2023-01-26,0.580524,100
2023-01-27,0.597415,100
2023-01-28,0.49308,100
2023-01-29,0.44353099999999995,100
2023-01-30,0.570276,100
2023-01-31,0.494909,100
2023-02-01,0.561473,100
2023-02-02,0.551488,100
2023-02-03,0.46496299999999996,100
2023-02-04,0.533784,100
2023-02-05,0.495217,100
2023-02-06,0.681782,100
2023-02-07,0.641714,100
2023-02-08,0.612009,100
2023-02-09,0.6391680000000001,100
2023-02-10,0.526564,100
2023-02-11,0.592604,100
2023-02-12,0.629856,100
2023-02-13,0.522346,100
2023-02-14,0.612402,100
2023-02-15,0.570695,100
2023-02-16,0.540518,100
2023-02-17,0.5329849999999999,100
2023-02-18,0.535802,100
2023-02-19,0.583936,100
2023-02-20,0.50508,100
2023-02-21,0.529686,100
2023-02-22,0.553277,100
2023-02-23,0.598711,100
2023-02-24,0.5815,100
2023-02-25,0.455778,100
2023-02-26,0.532269,100
2023-02-27,0.602613,100
2023-02-28,0.48078899999999997,100
2023-03-01,0.552728,100
2023-03-02,0.543851,100
2023-03-03,0.606363,100
2023-03-04,0.5322140000000001,100
2023-03-05,0.686636,100
2023-03-06,0.528211,100
2023-03-07,0.549854,100
2023-03-08,0.6800390000000001,100
2023-03-09,0.536633,100
2023-03-10,0.60426,100
2023-03-11,0.440196,100
2023-03-12,0.465577,100
2023-03-13,0.522654,100
2023-03-14,0.534138,100
2023-03-15,0.47389000000000003,100
2023-03-16,0.50017,100
2023-03-17,0.603035,100
2023-03-18,0.42044600000000004,100
2023-03-19,0.548941,100
2023-03-20,0.480772,100
2023-03-21,0.521581,100
2023-03-22,0.577554,100
2023-03-23,0.5306000000000001,100
2023-03-24,0.710446,100
2023-03-25,0.509499,100
2023-03-26,0.5751379999999999,100
2023-03-27,0.540092,100
2023-03-28,0.635641,100
2023-03-29,0.613631,100
2023-03-30,0.518132,100
2023-03-31,0.590179,100
2023-04-01,0.482509,100
2023-04-02,0.5973539999999999,100
2023-04-03,0.567718,100
2023-04-04,0.616009,100
2023-04-05,0.593386,100
2023-04-06,0.494274,100
2023-04-07,0.501038,100
2023-04-08,0.47775999999999996,100
2023-04-09,0.614333,100
2023-04-10,0.619104,100
2023-04-11,0.559265,100
2023-04-12,0.611158,100
2023-04-13,0.48670499999999994,100
2023-04-14,0.675835,100
2023-04-15,0.48598199999999997,100
2023-04-16,0.491399,100
2023-04-17,0.49569899999999995,100
2023-04-18,0.470615,100
2023-04-19,0.555295,100
2023-04-20,0.386452,100
2023-04-21,0.49445900000000004,100
2023-04-22,0.476648,100
2023-04-23,0.513144,100
2023-04-24,0.627953,100
2023-04-25,0.605727,100
2023-04-26,0.49515299999999995,100
2023-04-27,0.636233,100
2023-04-28,0.506155,100
2023-04-29,0.580839,100
2023-04-30,0.515459,100
2023-05-01,0.581716,100
2023-05-02,0.570099,100
2023-05-03,0.578628,100
2023-05-04,0.470544,100
2023-05-05,0.570852,100
2023-05-06,0.531732,100
2023-05-07,0.440669,100
2023-05-08,0.618691,100
2023-05-09,0.6147630000000001,100
2023-05-10,0.5253289999999999,100
2023-05-11,0.581414,100
2023-05-12,0.531007,100
2023-05-13,0.503158,100
2023-05-14,0.513578,100
2023-05-15,0.572068,100
2023-05-16,0.593698,100
2023-05-17,0.546164,100
2023-05-18,0.5527299999999999,100
2023-05-19,0.613035,100
2023-05-20,0.505872,100
2023-05-21,0.605231,100
2023-05-22,0.51314,100
2023-05-23,0.5178929999999999,100
2023-05-24,0.482383,100
2023-05-25,0.508215,100
2023-05-26,0.514867,100
2023-05-27,0.49384,100
2023-05-28,0.5460090000000001,100
2023-05-29,0.612516,100
2023-05-30,0.567905,100
2023-05-31,0.358862,100
2023-06-01,0.504557,100
2023-06-02,0.551433,100
2023-06-03,0.583716,100
2023-06-04,0.560581,100
2023-06-05,0.630678,100
2023-06-06,0.547219,100
2023-06-07,0.605494,100
2023-06-08,0.557553,100
2023-06-09,0.521609,100
2023-06-10,0.50243,100
2023-06-11,0.553612,100
2023-06-12,0.622011,100
2023-06-13,0.575377,100
2023-06-14,0.60443,100
2023-06-15,0.542316,100
2023-06-16,0.5517369999999999,100
2023-06-17,0.47950499999999996,100
2023-06-18,0.5252469999999999,100
2023-06-19,0.5346730000000001,100
2023-06-20,0.58272,100
2023-06-21,0.531384,100
2023-06-22,0.590928,100
2023-06-23,0.616089,100
2023-06-24,0.529207,100
2023-06-25,0.573316,100
2023-06-26,0.614071,100
2023-06-27,0.61514,100
2023-06-28,0.586888,100
2023-06-29,0.5396690000000001,100
2023-06-30,0.612503,100
2023-07-01,0.353483,100
2023-07-02,0.557096,100
2023-07-03,0.497537,100
2023-07-04,0.617233,100
2023-07-05,0.630856,100
2023-07-06,0.6643789999999999,100
2023-07-07,0.606036,100
2023-07-08,0.564318,100
2023-07-09,0.545507,100
2023-07-10,0.6497029999999999,100
2023-07-11,0.52244,100
2023-07-12,0.571631,100
2023-07-13,0.607077,100
2023-07-14,0.590322,100
2023-07-15,0.523889,100
2023-07-16,0.496558,100
2023-07-17,0.6281110000000001,100
2023-07-18,0.601805,100
2023-07-19,0.588141,100
2023-07-20,0.630779,100
2023-07-21,0.659028,100
2023-07-22,0.549844,100
2023-07-23,0.46103900000000003,100
2023-07-24,0.589631,100
2023-07-25,0.623016,100
2023-07-26,0.607587,100
2023-07-27,0.711518,100
2023-07-28,0.604685,100
2023-07-29,0.620276,100
2023-07-30,0.6275160000000001,100
2023-07-31,0.5929,100
2023-08-01,0.595611,100
2023-08-02,0.632706,100
2023-08-03,0.530681,100
2023-08-04,0.5613589999999999,100
2023-08-05,0.51068,100
2023-08-06,0.528933,100
2023-08-07,0.587283,100
2023-08-08,0.578736,100
2023-08-09,0.574516,100
2023-08-10,0.71028,100
2023-08-11,0.5767,100
2023-08-12,0.451774,100
2023-08-13,0.614646,100
2023-08-14,0.623315,100
2023-08-15,0.524732,100
2023-08-16,0.6432479999999999,100
2023-08-17,0.514056,100
2023-08-18,0.62011,100
2023-08-19,0.45981299999999997,100
2023-08-20,0.6650450000000001,100
2023-08-21,0.57604,100
2023-08-22,0.6576649999999999,100
2023-08-23,0.613813,100
2023-08-24,0.525301,100
2023-08-25,0.538998,100
2023-08-26,0.694105,100
2023-08-27,0.596207,100
2023-08-28,0.6410210000000001,100
2023-08-29,0.636086,100
2023-08-30,0.652635,100
2023-08-31,0.564467,100
2023-09-01,0.6392869999999999,100
2023-09-02,0.484414,100
2023-09-03,0.708636,100
2023-09-04,0.6955870000000001,100
2023-09-05,0.534093,100
2023-09-06,0.46543500000000004,100
2023-09-07,0.41471800000000003,100
2023-09-08,0.43518799999999996,100
2023-09-09,0.638729,100
2023-09-10,0.538417,100
2023-09-11,0.554677,100
2023-09-12,0.496113,100
2023-09-13,0.527556,100
2023-09-14,0.622552,100
2023-09-15,0.453375,100
2023-09-16,0.6473260000000001,100
2023-09-17,0.5796220000000001,100
2023-09-18,0.648054,100
2023-09-19,0.6424939999999999,100
2023-09-20,0.638139,100
2023-09-21,0.545053,100
2023-09-22,0.626714,100
2023-09-23,0.39996699999999996,100
2023-09-24,0.564947,100
2023-09-25,0.559295,100
2023-09-26,0.42394800000000005,100
2023-09-27,0.496892,100
2023-09-28,0.514568,100
2023-09-29,0.538832,100
2023-09-30,0.501789,100
2023-10-01,0.6431319999999999,100
2023-10-02,0.512984,100
2023-10-03,0.601943,100
2023-10-04,0.544951,100
2023-10-05,0.49702199999999996,100
2023-10-06,0.600862,100
2023-10-07,0.515513,100
2023-10-08,0.453296,100
2023-10-09,0.347907,100
2023-10-10,0.5256069999999999,100
2023-10-11,0.58009,100
2023-10-12,0.572361,100
2023-10-13,0.624915,100
2023-10-14,0.541122,100
2023-10-15,0.508781,100
2023-10-16,0.561377,100
2023-10-17,0.639254,100
2023-10-18,0.5366380000000001,100
2023-10-19,0.630164,100
2023-10-20,0.610856,100
2023-10-21,0.39402099999999995,100
2023-10-22,0.499964,100
2023-10-23,0.655339,100
2023-10-24,0.5940529999999999,100
2023-10-25,0.607947,100
2023-10-26,0.569349,100
2023-10-27,0.636247,100
2023-10-28,0.252552,100
2023-10-29,0.347013,100
2023-10-30,0.539462,100
2023-10-31,0.603921,100
2023-11-01,0.6384150000000001,100
2023-11-02,0.665542,100
2023-11-03,0.648576,100
2023-11-04,0.6617730000000001,100
2023-11-05,0.601761,100
2023-11-06,0.5861460000000001,100
2023-11-07,0.577353,100
2023-11-08,0.58038,100
2023-11-09,0.633264,100
2023-11-10,0.549362,100
2023-11-11,0.119538,100
2023-11-12,0.48654899999999995,100
2023-11-13,0.642601,100
2023-11-14,0.55224,100
2023-11-15,0.588812,100
2023-11-16,0.578012,100
2023-11-17,0.53242,100
2023-11-18,0.757289,100
2023-11-19,0.431046,100
2023-11-20,0.510512,100
2023-11-21,0.615002,100
2023-11-22,0.58029,100
2023-11-23,0.675502,100
2023-11-24,0.7689489999999999,100
2023-11-25,0.6780039999999999,100
2023-11-26,0.534494,100
2023-11-27,0.704892,100
2023-11-28,0.5763389999999999,100
2023-11-29,0.534493,100
2023-11-30,0.542949,100
2023-12-01,0.512895,100
2023-12-02,0.645983,100
2023-12-03,0.5900650000000001,100
2023-12-04,0.43128900000000003,100
2023-12-05,0.531644,100
2023-12-06,0.688981,100
2023-12-07,0.481182,100
2023-12-08,0.576036,100
2023-12-09,0.588027,100
2023-12-10,0.530025,100
2023-12-11,0.697253,100
2023-12-12,0.555079,100
2023-12-13,0.645005,100
2023-12-14,0.608161,100
2023-12-15,0.711297,100
2023-12-16,0.544699,100
2023-12-17,0.8711,4
2023-12-18,0.6574,12
2023-12-19,0.6565833333333333,6
2023-12-20,0.68132,5
2023-12-21,0.775075,8
2023-12-22,0.74672,5
2023-12-23,0.765,1
2023-12-24,0.8316,4
2023-12-25,0.6249,1
2023-12-26,0.6222,4
2023-12-27,0.8361,4
2023-12-28,0.5601100000000001,10
2023-12-29,0.8224,8
2023-12-30,0.7831666666666667,3
2023-12-31,0.6763666666666667,3
2024-01-01,0.78505,4
2024-01-02,0.5133846153846153,13
2024-01-03,0.8993125,8
2024-01-04,0.774,14
2024-01-05,0.6242,7
2024-01-06,0.4895,2
2024-01-07,0.6841666666666667,3
2024-01-08,0.49524166666666664,12
2024-01-09,0.861,7
